,0,1,2,3,4,5,6,7,8,9,10
0,0.jpg,27.jpg,37.jpg,150.jpg,5.jpg,119.jpg,437.jpg,287.jpg,457.jpg,142.jpg,136.jpg
1,1.jpg,131.jpg,149.jpg,439.jpg,222.jpg,193.jpg,95.jpg,54.jpg,391.jpg,101.jpg,394.jpg
2,10.jpg,179.jpg,41.jpg,23.jpg,469.jpg,499.jpg,178.jpg,100.jpg,288.jpg,495.jpg,276.jpg
3,100.jpg,288.jpg,422.jpg,274.jpg,235.jpg,336.jpg,51.jpg,85.jpg,7.jpg,482.jpg,333.jpg
4,101.jpg,80.jpg,439.jpg,242.jpg,288.jpg,422.jpg,445.jpg,222.jpg,159.jpg,1.jpg,160.jpg
5,102.jpg,137.jpg,365.jpg,336.jpg,53.jpg,413.jpg,51.jpg,238.jpg,274.jpg,445.jpg,268.jpg
6,103.jpg,462.jpg,226.jpg,54.jpg,261.jpg,1.jpg,13.jpg,149.jpg,250.jpg,246.jpg,56.jpg
7,104.jpg,173.jpg,427.jpg,24.jpg,3.jpg,8.jpg,297.jpg,7.jpg,251.jpg,163.jpg,344.jpg
8,105.jpg,436.jpg,281.jpg,387.jpg,222.jpg,325.jpg,353.jpg,440.jpg,193.jpg,197.jpg,201.jpg
9,106.jpg,184.jpg,185.jpg,419.jpg,137.jpg,252.jpg,243.jpg,110.jpg,274.jpg,203.jpg,224.jpg
10,107.jpg,108.jpg,125.jpg,294.jpg,159.jpg,455.jpg,446.jpg,337.jpg,34.jpg,324.jpg,51.jpg
11,108.jpg,107.jpg,174.jpg,415.jpg,51.jpg,154.jpg,172.jpg,159.jpg,34.jpg,455.jpg,294.jpg
12,109.jpg,89.jpg,457.jpg,475.jpg,162.jpg,464.jpg,20.jpg,446.jpg,419.jpg,294.jpg,293.jpg
13,11.jpg,148.jpg,147.jpg,286.jpg,29.jpg,55.jpg,5.jpg,258.jpg,104.jpg,204.jpg,287.jpg
14,110.jpg,184.jpg,373.jpg,185.jpg,106.jpg,426.jpg,108.jpg,154.jpg,51.jpg,4.jpg,224.jpg
15,111.jpg,399.jpg,197.jpg,471.jpg,325.jpg,371.jpg,342.jpg,33.jpg,283.jpg,431.jpg,211.jpg
16,112.jpg,483.jpg,173.jpg,169.jpg,428.jpg,386.jpg,417.jpg,325.jpg,475.jpg,281.jpg,45.jpg
17,113.jpg,367.jpg,444.jpg,319.jpg,235.jpg,32.jpg,422.jpg,219.jpg,85.jpg,73.jpg,209.jpg
18,114.jpg,426.jpg,417.jpg,115.jpg,448.jpg,235.jpg,246.jpg,373.jpg,85.jpg,457.jpg,224.jpg
19,115.jpg,114.jpg,363.jpg,235.jpg,225.jpg,53.jpg,238.jpg,224.jpg,456.jpg,365.jpg,482.jpg
20,270.jpg,91.jpg,20.jpg,168.jpg,410.jpg,123.jpg,230.jpg,4.jpg,446.jpg,197.jpg,172.jpg
21,271.jpg,273.jpg,272.jpg,24.jpg,40.jpg,428.jpg,6.jpg,123.jpg,3.jpg,8.jpg,20.jpg
22,272.jpg,271.jpg,273.jpg,24.jpg,40.jpg,128.jpg,119.jpg,6.jpg,20.jpg,3.jpg,8.jpg
23,273.jpg,271.jpg,272.jpg,3.jpg,8.jpg,24.jpg,40.jpg,7.jpg,297.jpg,34.jpg,428.jpg
24,274.jpg,51.jpg,422.jpg,159.jpg,377.jpg,154.jpg,268.jpg,185.jpg,184.jpg,155.jpg,174.jpg
25,275.jpg,276.jpg,225.jpg,335.jpg,291.jpg,265.jpg,495.jpg,429.jpg,421.jpg,379.jpg,317.jpg
26,276.jpg,275.jpg,225.jpg,317.jpg,335.jpg,265.jpg,369.jpg,495.jpg,333.jpg,429.jpg,285.jpg
27,277.jpg,428.jpg,431.jpg,55.jpg,24.jpg,186.jpg,119.jpg,86.jpg,90.jpg,201.jpg,251.jpg
28,278.jpg,163.jpg,284.jpg,142.jpg,437.jpg,27.jpg,253.jpg,287.jpg,461.jpg,286.jpg,28.jpg
29,279.jpg,88.jpg,204.jpg,129.jpg,283.jpg,55.jpg,127.jpg,236.jpg,241.jpg,202.jpg,486.jpg
30,28.jpg,27.jpg,379.jpg,58.jpg,437.jpg,286.jpg,335.jpg,287.jpg,118.jpg,5.jpg,382.jpg
31,280.jpg,483.jpg,50.jpg,265.jpg,398.jpg,496.jpg,22.jpg,428.jpg,366.jpg,248.jpg,173.jpg
32,281.jpg,471.jpg,245.jpg,222.jpg,436.jpg,193.jpg,90.jpg,325.jpg,371.jpg,372.jpg,201.jpg
33,282.jpg,73.jpg,364.jpg,85.jpg,219.jpg,242.jpg,446.jpg,227.jpg,159.jpg,222.jpg,295.jpg
34,283.jpg,279.jpg,186.jpg,370.jpg,82.jpg,371.jpg,111.jpg,86.jpg,484.jpg,358.jpg,201.jpg
35,284.jpg,287.jpg,286.jpg,118.jpg,119.jpg,27.jpg,142.jpg,383.jpg,437.jpg,379.jpg,5.jpg
36,285.jpg,495.jpg,225.jpg,333.jpg,317.jpg,281.jpg,261.jpg,160.jpg,87.jpg,239.jpg,303.jpg
37,286.jpg,284.jpg,287.jpg,379.jpg,28.jpg,118.jpg,27.jpg,5.jpg,119.jpg,163.jpg,437.jpg
38,287.jpg,284.jpg,286.jpg,119.jpg,118.jpg,27.jpg,5.jpg,383.jpg,437.jpg,379.jpg,142.jpg
39,288.jpg,427.jpg,7.jpg,51.jpg,415.jpg,394.jpg,3.jpg,8.jpg,290.jpg,100.jpg,422.jpg
40,460.jpg,336.jpg,3.jpg,8.jpg,439.jpg,7.jpg,222.jpg,51.jpg,34.jpg,352.jpg,360.jpg
41,461.jpg,163.jpg,28.jpg,104.jpg,27.jpg,58.jpg,5.jpg,286.jpg,460.jpg,379.jpg,336.jpg
42,462.jpg,103.jpg,219.jpg,143.jpg,226.jpg,397.jpg,13.jpg,32.jpg,149.jpg,391.jpg,209.jpg
43,463.jpg,261.jpg,30.jpg,299.jpg,13.jpg,14.jpg,380.jpg,160.jpg,54.jpg,211.jpg,33.jpg
44,464.jpg,431.jpg,136.jpg,33.jpg,436.jpg,411.jpg,303.jpg,159.jpg,119.jpg,154.jpg,40.jpg
45,465.jpg,479.jpg,84.jpg,144.jpg,391.jpg,295.jpg,261.jpg,219.jpg,13.jpg,14.jpg,282.jpg
46,466.jpg,468.jpg,469.jpg,467.jpg,180.jpg,179.jpg,181.jpg,9.jpg,454.jpg,10.jpg,345.jpg
47,467.jpg,468.jpg,466.jpg,469.jpg,9.jpg,454.jpg,92.jpg,180.jpg,179.jpg,451.jpg,345.jpg
48,468.jpg,467.jpg,466.jpg,469.jpg,180.jpg,9.jpg,454.jpg,92.jpg,179.jpg,181.jpg,232.jpg
49,469.jpg,466.jpg,179.jpg,10.jpg,180.jpg,276.jpg,467.jpg,275.jpg,495.jpg,468.jpg,9.jpg
50,47.jpg,375.jpg,376.jpg,377.jpg,446.jpg,35.jpg,200.jpg,199.jpg,155.jpg,383.jpg,37.jpg
51,470.jpg,399.jpg,18.jpg,281.jpg,387.jpg,302.jpg,245.jpg,33.jpg,436.jpg,125.jpg,172.jpg
52,471.jpg,281.jpg,87.jpg,211.jpg,33.jpg,412.jpg,399.jpg,436.jpg,372.jpg,193.jpg,195.jpg
53,472.jpg,473.jpg,355.jpg,353.jpg,351.jpg,32.jpg,35.jpg,30.jpg,299.jpg,463.jpg,359.jpg
54,473.jpg,415.jpg,388.jpg,76.jpg,405.jpg,355.jpg,228.jpg,381.jpg,73.jpg,234.jpg,33.jpg
55,474.jpg,213.jpg,191.jpg,289.jpg,212.jpg,126.jpg,282.jpg,353.jpg,393.jpg,425.jpg,364.jpg
56,475.jpg,343.jpg,457.jpg,293.jpg,89.jpg,40.jpg,427.jpg,3.jpg,8.jpg,342.jpg,60.jpg
57,476.jpg,477.jpg,432.jpg,46.jpg,435.jpg,9.jpg,253.jpg,485.jpg,180.jpg,215.jpg,454.jpg
58,477.jpg,180.jpg,9.jpg,476.jpg,181.jpg,130.jpg,232.jpg,122.jpg,15.jpg,179.jpg,167.jpg
59,478.jpg,240.jpg,226.jpg,250.jpg,246.jpg,16.jpg,47.jpg,481.jpg,110.jpg,453.jpg,247.jpg
60,66.jpg,65.jpg,457.jpg,198.jpg,419.jpg,446.jpg,448.jpg,159.jpg,85.jpg,455.jpg,37.jpg
61,67.jpg,65.jpg,419.jpg,196.jpg,385.jpg,425.jpg,420.jpg,227.jpg,168.jpg,89.jpg,66.jpg
62,68.jpg,73.jpg,405.jpg,75.jpg,216.jpg,367.jpg,370.jpg,113.jpg,76.jpg,219.jpg,32.jpg
63,69.jpg,84.jpg,101.jpg,367.jpg,242.jpg,222.jpg,80.jpg,445.jpg,394.jpg,172.jpg,444.jpg
64,7.jpg,8.jpg,3.jpg,251.jpg,343.jpg,386.jpg,335.jpg,421.jpg,360.jpg,122.jpg,344.jpg
65,70.jpg,74.jpg,135.jpg,84.jpg,25.jpg,144.jpg,152.jpg,69.jpg,68.jpg,35.jpg,242.jpg
66,71.jpg,72.jpg,178.jpg,365.jpg,413.jpg,102.jpg,329.jpg,485.jpg,366.jpg,288.jpg,482.jpg
67,72.jpg,71.jpg,329.jpg,365.jpg,178.jpg,102.jpg,413.jpg,482.jpg,336.jpg,328.jpg,51.jpg
68,73.jpg,405.jpg,282.jpg,219.jpg,391.jpg,250.jpg,367.jpg,16.jpg,68.jpg,172.jpg,415.jpg
69,74.jpg,353.jpg,144.jpg,355.jpg,76.jpg,387.jpg,381.jpg,82.jpg,152.jpg,214.jpg,139.jpg
70,75.jpg,186.jpg,201.jpg,358.jpg,90.jpg,76.jpg,82.jpg,86.jpg,325.jpg,394.jpg,431.jpg
71,76.jpg,388.jpg,387.jpg,475.jpg,294.jpg,415.jpg,34.jpg,381.jpg,75.jpg,343.jpg,33.jpg
72,77.jpg,93.jpg,494.jpg,142.jpg,423.jpg,376.jpg,233.jpg,433.jpg,461.jpg,375.jpg,390.jpg
73,78.jpg,288.jpg,495.jpg,186.jpg,479.jpg,263.jpg,427.jpg,125.jpg,290.jpg,182.jpg,499.jpg
74,79.jpg,489.jpg,228.jpg,229.jpg,324.jpg,257.jpg,337.jpg,207.jpg,16.jpg,73.jpg,48.jpg
75,8.jpg,3.jpg,7.jpg,251.jpg,343.jpg,360.jpg,386.jpg,344.jpg,421.jpg,122.jpg,335.jpg
76,80.jpg,386.jpg,101.jpg,294.jpg,356.jpg,445.jpg,7.jpg,482.jpg,159.jpg,235.jpg,8.jpg
77,81.jpg,391.jpg,296.jpg,214.jpg,285.jpg,209.jpg,372.jpg,281.jpg,346.jpg,13.jpg,152.jpg
78,82.jpg,412.jpg,186.jpg,394.jpg,128.jpg,371.jpg,283.jpg,358.jpg,281.jpg,293.jpg,214.jpg
79,83.jpg,84.jpg,394.jpg,82.jpg,465.jpg,69.jpg,76.jpg,128.jpg,288.jpg,447.jpg,242.jpg
80,84.jpg,394.jpg,242.jpg,69.jpg,465.jpg,391.jpg,1.jpg,261.jpg,33.jpg,30.jpg,299.jpg
81,85.jpg,235.jpg,444.jpg,448.jpg,422.jpg,442.jpg,294.jpg,154.jpg,246.jpg,377.jpg,114.jpg
82,86.jpg,431.jpg,186.jpg,394.jpg,90.jpg,325.jpg,214.jpg,428.jpg,436.jpg,60.jpg,303.jpg
83,87.jpg,471.jpg,211.jpg,372.jpg,281.jpg,33.jpg,14.jpg,412.jpg,296.jpg,457.jpg,303.jpg
84,88.jpg,279.jpg,486.jpg,236.jpg,129.jpg,221.jpg,204.jpg,138.jpg,127.jpg,151.jpg,133.jpg
85,89.jpg,457.jpg,448.jpg,475.jpg,222.jpg,281.jpg,294.jpg,109.jpg,325.jpg,245.jpg,169.jpg
86,9.jpg,264.jpg,167.jpg,232.jpg,328.jpg,454.jpg,217.jpg,238.jpg,266.jpg,178.jpg,336.jpg
87,90.jpg,371.jpg,431.jpg,86.jpg,214.jpg,281.jpg,436.jpg,325.jpg,303.jpg,186.jpg,201.jpg
88,91.jpg,270.jpg,410.jpg,50.jpg,4.jpg,172.jpg,231.jpg,80.jpg,230.jpg,168.jpg,428.jpg
89,92.jpg,452.jpg,451.jpg,238.jpg,268.jpg,274.jpg,115.jpg,413.jpg,481.jpg,310.jpg,365.jpg
90,93.jpg,423.jpg,494.jpg,163.jpg,457.jpg,162.jpg,437.jpg,118.jpg,98.jpg,194.jpg,97.jpg
91,94.jpg,169.jpg,475.jpg,159.jpg,95.jpg,415.jpg,419.jpg,227.jpg,431.jpg,427.jpg,89.jpg
92,95.jpg,274.jpg,16.jpg,422.jpg,415.jpg,159.jpg,1.jpg,34.jpg,51.jpg,303.jpg,391.jpg
93,96.jpg,97.jpg,98.jpg,496.jpg,104.jpg,173.jpg,461.jpg,122.jpg,53.jpg,163.jpg,253.jpg
94,97.jpg,98.jpg,96.jpg,104.jpg,496.jpg,427.jpg,53.jpg,163.jpg,173.jpg,122.jpg,153.jpg
95,98.jpg,97.jpg,96.jpg,53.jpg,496.jpg,104.jpg,122.jpg,427.jpg,173.jpg,336.jpg,102.jpg
96,99.jpg,34.jpg,33.jpg,174.jpg,51.jpg,56.jpg,392.jpg,324.jpg,172.jpg,439.jpg,422.jpg
97,117.jpg,116.jpg,214.jpg,283.jpg,186.jpg,81.jpg,132.jpg,248.jpg,86.jpg,391.jpg,325.jpg
98,118.jpg,119.jpg,379.jpg,287.jpg,437.jpg,27.jpg,284.jpg,382.jpg,286.jpg,163.jpg,7.jpg
99,119.jpg,118.jpg,5.jpg,27.jpg,287.jpg,147.jpg,437.jpg,379.jpg,37.jpg,142.jpg,284.jpg
100,12.jpg,146.jpg,175.jpg,164.jpg,133.jpg,138.jpg,151.jpg,221.jpg,486.jpg,202.jpg,59.jpg
101,120.jpg,140.jpg,487.jpg,297.jpg,176.jpg,28.jpg,24.jpg,335.jpg,344.jpg,29.jpg,8.jpg
102,121.jpg,370.jpg,358.jpg,195.jpg,5.jpg,380.jpg,82.jpg,394.jpg,201.jpg,342.jpg,186.jpg
103,122.jpg,251.jpg,7.jpg,3.jpg,8.jpg,344.jpg,291.jpg,258.jpg,259.jpg,167.jpg,173.jpg
104,123.jpg,483.jpg,20.jpg,409.jpg,428.jpg,427.jpg,55.jpg,24.jpg,258.jpg,251.jpg,173.jpg
105,124.jpg,372.jpg,296.jpg,87.jpg,211.jpg,412.jpg,191.jpg,471.jpg,283.jpg,81.jpg,126.jpg
106,125.jpg,263.jpg,388.jpg,399.jpg,293.jpg,325.jpg,107.jpg,281.jpg,33.jpg,89.jpg,387.jpg
107,126.jpg,32.jpg,33.jpg,212.jpg,211.jpg,213.jpg,87.jpg,308.jpg,219.jpg,191.jpg,193.jpg
108,127.jpg,129.jpg,279.jpg,55.jpg,236.jpg,128.jpg,486.jpg,88.jpg,201.jpg,204.jpg,258.jpg
109,128.jpg,129.jpg,24.jpg,153.jpg,186.jpg,82.jpg,201.jpg,272.jpg,475.jpg,40.jpg,127.jpg
110,129.jpg,127.jpg,128.jpg,279.jpg,88.jpg,55.jpg,486.jpg,204.jpg,409.jpg,236.jpg,148.jpg
111,13.jpg,14.jpg,261.jpg,434.jpg,422.jpg,333.jpg,346.jpg,54.jpg,87.jpg,237.jpg,23.jpg
112,130.jpg,131.jpg,1.jpg,100.jpg,288.jpg,41.jpg,98.jpg,485.jpg,309.jpg,251.jpg,178.jpg
113,131.jpg,1.jpg,193.jpg,439.jpg,222.jpg,149.jpg,325.jpg,391.jpg,394.jpg,54.jpg,211.jpg
114,132.jpg,271.jpg,272.jpg,153.jpg,494.jpg,483.jpg,273.jpg,128.jpg,6.jpg,423.jpg,190.jpg
115,133.jpg,221.jpg,175.jpg,12.jpg,146.jpg,486.jpg,138.jpg,151.jpg,88.jpg,236.jpg,164.jpg
116,134.jpg,141.jpg,228.jpg,413.jpg,280.jpg,231.jpg,366.jpg,480.jpg,340.jpg,415.jpg,229.jpg
117,116.jpg,117.jpg,283.jpg,214.jpg,248.jpg,81.jpg,186.jpg,361.jpg,296.jpg,132.jpg,280.jpg
118,135.jpg,64.jpg,216.jpg,75.jpg,68.jpg,349.jpg,305.jpg,76.jpg,74.jpg,298.jpg,73.jpg
119,154.jpg,51.jpg,159.jpg,373.jpg,174.jpg,14.jpg,274.jpg,455.jpg,411.jpg,422.jpg,136.jpg
120,173.jpg,169.jpg,483.jpg,427.jpg,163.jpg,428.jpg,251.jpg,104.jpg,258.jpg,122.jpg,53.jpg
121,192.jpg,269.jpg,17.jpg,308.jpg,381.jpg,36.jpg,463.jpg,228.jpg,488.jpg,412.jpg,213.jpg
122,210.jpg,423.jpg,104.jpg,118.jpg,163.jpg,379.jpg,286.jpg,427.jpg,429.jpg,273.jpg,153.jpg
123,23.jpg,261.jpg,30.jpg,299.jpg,301.jpg,422.jpg,13.jpg,303.jpg,14.jpg,333.jpg,346.jpg
124,249.jpg,50.jpg,225.jpg,386.jpg,317.jpg,215.jpg,80.jpg,122.jpg,216.jpg,456.jpg,367.jpg
125,27.jpg,28.jpg,379.jpg,437.jpg,119.jpg,287.jpg,58.jpg,118.jpg,5.jpg,382.jpg,142.jpg
126,289.jpg,493.jpg,213.jpg,416.jpg,150.jpg,191.jpg,154.jpg,373.jpg,364.jpg,449.jpg,65.jpg
127,307.jpg,402.jpg,304.jpg,318.jpg,320.jpg,400.jpg,322.jpg,321.jpg,305.jpg,477.jpg,314.jpg
128,326.jpg,335.jpg,421.jpg,58.jpg,328.jpg,327.jpg,28.jpg,7.jpg,379.jpg,167.jpg,27.jpg
129,345.jpg,261.jpg,422.jpg,301.jpg,346.jpg,238.jpg,309.jpg,235.jpg,115.jpg,310.jpg,465.jpg
130,364.jpg,282.jpg,222.jpg,455.jpg,227.jpg,185.jpg,172.jpg,85.jpg,139.jpg,411.jpg,196.jpg
131,383.jpg,287.jpg,284.jpg,118.jpg,150.jpg,382.jpg,142.jpg,233.jpg,235.jpg,119.jpg,379.jpg
132,401.jpg,340.jpg,141.jpg,223.jpg,93.jpg,2.jpg,19.jpg,494.jpg,231.jpg,489.jpg,398.jpg
133,420.jpg,425.jpg,347.jpg,213.jpg,67.jpg,65.jpg,89.jpg,196.jpg,212.jpg,31.jpg,197.jpg
134,44.jpg,59.jpg,138.jpg,129.jpg,29.jpg,254.jpg,486.jpg,148.jpg,153.jpg,24.jpg,55.jpg
135,46.jpg,485.jpg,435.jpg,50.jpg,432.jpg,366.jpg,445.jpg,167.jpg,365.jpg,336.jpg,413.jpg
136,479.jpg,337.jpg,294.jpg,107.jpg,85.jpg,242.jpg,219.jpg,33.jpg,159.jpg,465.jpg,282.jpg
137,65.jpg,67.jpg,66.jpg,419.jpg,425.jpg,196.jpg,168.jpg,227.jpg,446.jpg,230.jpg,455.jpg
138,136.jpg,455.jpg,154.jpg,464.jpg,159.jpg,439.jpg,274.jpg,336.jpg,51.jpg,222.jpg,150.jpg
139,137.jpg,102.jpg,155.jpg,184.jpg,51.jpg,185.jpg,365.jpg,327.jpg,413.jpg,53.jpg,336.jpg
140,138.jpg,486.jpg,44.jpg,88.jpg,133.jpg,129.jpg,151.jpg,59.jpg,221.jpg,12.jpg,175.jpg
141,139.jpg,144.jpg,455.jpg,364.jpg,143.jpg,136.jpg,411.jpg,393.jpg,33.jpg,14.jpg,387.jpg
142,14.jpg,13.jpg,154.jpg,261.jpg,422.jpg,87.jpg,373.jpg,346.jpg,54.jpg,33.jpg,448.jpg
143,140.jpg,120.jpg,487.jpg,297.jpg,176.jpg,28.jpg,24.jpg,335.jpg,344.jpg,29.jpg,8.jpg
144,141.jpg,203.jpg,155.jpg,57.jpg,446.jpg,340.jpg,413.jpg,415.jpg,378.jpg,336.jpg,168.jpg
145,142.jpg,27.jpg,437.jpg,119.jpg,118.jpg,287.jpg,37.jpg,284.jpg,376.jpg,28.jpg,383.jpg
146,143.jpg,144.jpg,139.jpg,299.jpg,30.jpg,14.jpg,391.jpg,261.jpg,462.jpg,295.jpg,282.jpg
147,144.jpg,143.jpg,139.jpg,30.jpg,299.jpg,465.jpg,282.jpg,35.jpg,14.jpg,391.jpg,33.jpg
148,145.jpg,252.jpg,184.jpg,185.jpg,4.jpg,411.jpg,446.jpg,455.jpg,377.jpg,205.jpg,137.jpg
149,146.jpg,12.jpg,175.jpg,133.jpg,164.jpg,221.jpg,151.jpg,138.jpg,486.jpg,202.jpg,59.jpg
150,147.jpg,148.jpg,119.jpg,5.jpg,201.jpg,342.jpg,287.jpg,358.jpg,24.jpg,118.jpg,11.jpg
151,148.jpg,147.jpg,11.jpg,5.jpg,129.jpg,119.jpg,24.jpg,204.jpg,254.jpg,236.jpg,29.jpg
152,149.jpg,209.jpg,1.jpg,54.jpg,131.jpg,346.jpg,362.jpg,222.jpg,405.jpg,413.jpg,439.jpg
153,15.jpg,454.jpg,98.jpg,369.jpg,232.jpg,97.jpg,328.jpg,9.jpg,238.jpg,217.jpg,264.jpg
154,150.jpg,154.jpg,136.jpg,37.jpg,457.jpg,383.jpg,33.jpg,493.jpg,230.jpg,0.jpg,119.jpg
155,151.jpg,221.jpg,176.jpg,236.jpg,486.jpg,133.jpg,138.jpg,88.jpg,12.jpg,129.jpg,148.jpg
156,152.jpg,81.jpg,391.jpg,214.jpg,367.jpg,73.jpg,84.jpg,325.jpg,282.jpg,219.jpg,193.jpg
157,153.jpg,128.jpg,423.jpg,188.jpg,24.jpg,427.jpg,104.jpg,483.jpg,173.jpg,271.jpg,6.jpg
158,155.jpg,51.jpg,377.jpg,336.jpg,137.jpg,327.jpg,274.jpg,419.jpg,154.jpg,63.jpg,159.jpg
159,156.jpg,336.jpg,222.jpg,460.jpg,114.jpg,193.jpg,317.jpg,235.jpg,131.jpg,325.jpg,54.jpg
160,157.jpg,411.jpg,155.jpg,377.jpg,168.jpg,419.jpg,57.jpg,446.jpg,52.jpg,159.jpg,172.jpg
161,158.jpg,155.jpg,338.jpg,157.jpg,375.jpg,382.jpg,168.jpg,58.jpg,233.jpg,57.jpg,376.jpg
162,159.jpg,174.jpg,274.jpg,154.jpg,446.jpg,51.jpg,377.jpg,455.jpg,411.jpg,136.jpg,172.jpg
163,16.jpg,95.jpg,415.jpg,489.jpg,182.jpg,417.jpg,294.jpg,73.jpg,34.jpg,341.jpg,222.jpg
164,160.jpg,444.jpg,101.jpg,85.jpg,261.jpg,177.jpg,159.jpg,422.jpg,436.jpg,325.jpg,285.jpg
165,161.jpg,449.jpg,270.jpg,168.jpg,350.jpg,49.jpg,414.jpg,157.jpg,418.jpg,158.jpg,376.jpg
166,162.jpg,163.jpg,419.jpg,457.jpg,118.jpg,109.jpg,377.jpg,119.jpg,173.jpg,155.jpg,446.jpg
167,163.jpg,162.jpg,173.jpg,118.jpg,427.jpg,457.jpg,286.jpg,104.jpg,336.jpg,437.jpg,327.jpg
168,164.jpg,175.jpg,12.jpg,146.jpg,202.jpg,133.jpg,138.jpg,59.jpg,241.jpg,486.jpg,151.jpg
169,165.jpg,166.jpg,78.jpg,388.jpg,479.jpg,263.jpg,125.jpg,186.jpg,76.jpg,33.jpg,75.jpg
170,166.jpg,165.jpg,388.jpg,78.jpg,479.jpg,263.jpg,125.jpg,186.jpg,76.jpg,33.jpg,415.jpg
171,167.jpg,336.jpg,264.jpg,268.jpg,122.jpg,218.jpg,7.jpg,238.jpg,335.jpg,51.jpg,265.jpg
172,168.jpg,419.jpg,155.jpg,157.jpg,446.jpg,65.jpg,230.jpg,57.jpg,270.jpg,4.jpg,196.jpg
173,169.jpg,173.jpg,483.jpg,293.jpg,325.jpg,427.jpg,263.jpg,415.jpg,475.jpg,45.jpg,182.jpg
174,17.jpg,269.jpg,36.jpg,228.jpg,334.jpg,194.jpg,272.jpg,93.jpg,141.jpg,380.jpg,324.jpg
175,170.jpg,207.jpg,222.jpg,325.jpg,45.jpg,196.jpg,193.jpg,483.jpg,197.jpg,169.jpg,50.jpg
176,171.jpg,337.jpg,324.jpg,493.jpg,289.jpg,455.jpg,154.jpg,228.jpg,338.jpg,446.jpg,230.jpg
177,172.jpg,174.jpg,411.jpg,99.jpg,455.jpg,159.jpg,436.jpg,33.jpg,108.jpg,431.jpg,392.jpg
178,174.jpg,172.jpg,159.jpg,108.jpg,154.jpg,455.jpg,99.jpg,411.jpg,274.jpg,392.jpg,34.jpg
179,175.jpg,133.jpg,164.jpg,146.jpg,12.jpg,221.jpg,138.jpg,202.jpg,88.jpg,486.jpg,151.jpg
180,176.jpg,151.jpg,487.jpg,221.jpg,120.jpg,140.jpg,254.jpg,236.jpg,24.jpg,28.jpg,27.jpg
181,177.jpg,178.jpg,422.jpg,242.jpg,481.jpg,51.jpg,444.jpg,413.jpg,274.jpg,99.jpg,101.jpg
182,178.jpg,177.jpg,336.jpg,288.jpg,357.jpg,348.jpg,413.jpg,481.jpg,51.jpg,238.jpg,71.jpg
183,179.jpg,10.jpg,309.jpg,41.jpg,310.jpg,319.jpg,485.jpg,71.jpg,499.jpg,346.jpg,130.jpg
184,18.jpg,399.jpg,245.jpg,227.jpg,33.jpg,387.jpg,388.jpg,293.jpg,464.jpg,20.jpg,439.jpg
185,180.jpg,181.jpg,477.jpg,466.jpg,469.jpg,9.jpg,179.jpg,232.jpg,10.jpg,454.jpg,15.jpg
186,181.jpg,180.jpg,9.jpg,232.jpg,477.jpg,318.jpg,15.jpg,369.jpg,179.jpg,10.jpg,328.jpg
187,182.jpg,183.jpg,483.jpg,169.jpg,427.jpg,16.jpg,80.jpg,89.jpg,45.jpg,263.jpg,446.jpg
188,183.jpg,182.jpg,427.jpg,260.jpg,53.jpg,483.jpg,173.jpg,169.jpg,80.jpg,365.jpg,482.jpg
189,184.jpg,185.jpg,106.jpg,137.jpg,274.jpg,419.jpg,159.jpg,51.jpg,373.jpg,243.jpg,377.jpg
190,185.jpg,184.jpg,106.jpg,274.jpg,137.jpg,419.jpg,159.jpg,51.jpg,373.jpg,243.jpg,252.jpg
191,186.jpg,394.jpg,86.jpg,325.jpg,75.jpg,201.jpg,60.jpg,214.jpg,303.jpg,55.jpg,251.jpg
192,187.jpg,139.jpg,233.jpg,144.jpg,347.jpg,378.jpg,294.jpg,220.jpg,417.jpg,35.jpg,446.jpg
193,188.jpg,153.jpg,483.jpg,428.jpg,173.jpg,123.jpg,24.jpg,423.jpg,128.jpg,104.jpg,277.jpg
194,189.jpg,292.jpg,39.jpg,497.jpg,443.jpg,126.jpg,124.jpg,295.jpg,492.jpg,296.jpg,87.jpg
195,19.jpg,265.jpg,291.jpg,480.jpg,223.jpg,461.jpg,122.jpg,163.jpg,496.jpg,336.jpg,167.jpg
196,190.jpg,40.jpg,6.jpg,483.jpg,475.jpg,271.jpg,123.jpg,34.jpg,273.jpg,20.jpg,272.jpg
197,191.jpg,213.jpg,212.jpg,150.jpg,417.jpg,289.jpg,296.jpg,211.jpg,347.jpg,87.jpg,154.jpg
198,193.jpg,325.jpg,222.jpg,211.jpg,131.jpg,439.jpg,394.jpg,281.jpg,60.jpg,436.jpg,33.jpg
199,194.jpg,93.jpg,190.jpg,378.jpg,40.jpg,494.jpg,233.jpg,351.jpg,272.jpg,132.jpg,271.jpg
200,195.jpg,358.jpg,360.jpg,298.jpg,394.jpg,342.jpg,343.jpg,455.jpg,471.jpg,8.jpg,3.jpg
201,196.jpg,230.jpg,197.jpg,227.jpg,65.jpg,222.jpg,436.jpg,67.jpg,419.jpg,425.jpg,33.jpg
202,197.jpg,196.jpg,371.jpg,111.jpg,60.jpg,399.jpg,293.jpg,281.jpg,259.jpg,325.jpg,123.jpg
203,198.jpg,66.jpg,85.jpg,222.jpg,282.jpg,448.jpg,80.jpg,444.jpg,294.jpg,489.jpg,113.jpg
204,199.jpg,200.jpg,47.jpg,158.jpg,375.jpg,449.jpg,493.jpg,157.jpg,418.jpg,4.jpg,376.jpg
205,2.jpg,223.jpg,426.jpg,338.jpg,233.jpg,163.jpg,34.jpg,262.jpg,348.jpg,19.jpg,257.jpg
206,20.jpg,123.jpg,455.jpg,475.jpg,446.jpg,34.jpg,40.jpg,411.jpg,270.jpg,245.jpg,415.jpg
207,200.jpg,199.jpg,47.jpg,289.jpg,449.jpg,493.jpg,375.jpg,418.jpg,157.jpg,158.jpg,150.jpg
208,201.jpg,428.jpg,24.jpg,325.jpg,281.jpg,186.jpg,343.jpg,119.jpg,475.jpg,259.jpg,429.jpg
209,202.jpg,241.jpg,59.jpg,204.jpg,279.jpg,138.jpg,88.jpg,175.jpg,164.jpg,486.jpg,44.jpg
210,203.jpg,419.jpg,222.jpg,196.jpg,185.jpg,446.jpg,80.jpg,184.jpg,155.jpg,230.jpg,170.jpg
211,204.jpg,279.jpg,55.jpg,409.jpg,202.jpg,88.jpg,129.jpg,342.jpg,59.jpg,254.jpg,258.jpg
212,205.jpg,206.jpg,367.jpg,85.jpg,442.jpg,364.jpg,145.jpg,337.jpg,479.jpg,282.jpg,445.jpg
213,206.jpg,205.jpg,367.jpg,442.jpg,445.jpg,405.jpg,85.jpg,455.jpg,479.jpg,69.jpg,456.jpg
214,207.jpg,170.jpg,34.jpg,56.jpg,410.jpg,415.jpg,222.jpg,50.jpg,325.jpg,16.jpg,99.jpg
215,208.jpg,375.jpg,376.jpg,47.jpg,289.jpg,373.jpg,493.jpg,184.jpg,185.jpg,274.jpg,155.jpg
216,209.jpg,149.jpg,346.jpg,309.jpg,1.jpg,54.jpg,13.jpg,319.jpg,434.jpg,113.jpg,81.jpg
217,21.jpg,22.jpg,308.jpg,73.jpg,16.jpg,325.jpg,372.jpg,353.jpg,125.jpg,170.jpg,484.jpg
218,211.jpg,193.jpg,87.jpg,471.jpg,33.jpg,372.jpg,281.jpg,32.jpg,439.jpg,325.jpg,222.jpg
219,212.jpg,213.jpg,308.jpg,33.jpg,191.jpg,126.jpg,393.jpg,211.jpg,32.jpg,295.jpg,392.jpg
220,213.jpg,212.jpg,308.jpg,33.jpg,289.jpg,191.jpg,393.jpg,392.jpg,172.jpg,244.jpg,32.jpg
221,214.jpg,325.jpg,391.jpg,90.jpg,86.jpg,186.jpg,431.jpg,436.jpg,394.jpg,371.jpg,281.jpg
222,215.jpg,268.jpg,167.jpg,264.jpg,352.jpg,266.jpg,346.jpg,225.jpg,310.jpg,434.jpg,235.jpg
223,216.jpg,68.jpg,367.jpg,73.jpg,405.jpg,113.jpg,317.jpg,209.jpg,403.jpg,193.jpg,156.jpg
224,217.jpg,264.jpg,369.jpg,232.jpg,329.jpg,328.jpg,218.jpg,9.jpg,451.jpg,452.jpg,58.jpg
225,218.jpg,7.jpg,51.jpg,58.jpg,235.jpg,422.jpg,8.jpg,3.jpg,167.jpg,336.jpg,335.jpg
226,219.jpg,391.jpg,73.jpg,33.jpg,405.jpg,32.jpg,282.jpg,479.jpg,439.jpg,13.jpg,415.jpg
227,22.jpg,21.jpg,483.jpg,248.jpg,280.jpg,325.jpg,45.jpg,398.jpg,188.jpg,361.jpg,112.jpg
228,220.jpg,346.jpg,114.jpg,417.jpg,14.jpg,187.jpg,81.jpg,448.jpg,85.jpg,235.jpg,319.jpg
229,221.jpg,133.jpg,151.jpg,486.jpg,236.jpg,176.jpg,88.jpg,138.jpg,175.jpg,42.jpg,12.jpg
230,222.jpg,439.jpg,193.jpg,281.jpg,325.jpg,89.jpg,1.jpg,440.jpg,34.jpg,196.jpg,131.jpg
231,223.jpg,19.jpg,50.jpg,336.jpg,167.jpg,2.jpg,262.jpg,327.jpg,52.jpg,137.jpg,259.jpg
232,224.jpg,243.jpg,246.jpg,448.jpg,384.jpg,294.jpg,114.jpg,417.jpg,85.jpg,53.jpg,184.jpg
233,225.jpg,235.jpg,237.jpg,317.jpg,333.jpg,7.jpg,276.jpg,275.jpg,386.jpg,239.jpg,429.jpg
234,226.jpg,250.jpg,444.jpg,246.jpg,240.jpg,219.jpg,319.jpg,103.jpg,462.jpg,309.jpg,346.jpg
235,227.jpg,196.jpg,431.jpg,18.jpg,436.jpg,65.jpg,169.jpg,364.jpg,33.jpg,439.jpg,222.jpg
236,228.jpg,229.jpg,381.jpg,489.jpg,32.jpg,337.jpg,294.jpg,324.jpg,34.jpg,269.jpg,330.jpg
237,229.jpg,228.jpg,337.jpg,33.jpg,99.jpg,439.jpg,489.jpg,32.jpg,294.jpg,230.jpg,139.jpg
238,230.jpg,196.jpg,446.jpg,168.jpg,493.jpg,172.jpg,33.jpg,197.jpg,174.jpg,34.jpg,65.jpg
239,231.jpg,410.jpg,99.jpg,340.jpg,342.jpg,50.jpg,20.jpg,172.jpg,293.jpg,455.jpg,324.jpg
240,232.jpg,369.jpg,217.jpg,9.jpg,329.jpg,328.jpg,15.jpg,264.jpg,454.jpg,167.jpg,265.jpg
241,233.jpg,294.jpg,378.jpg,376.jpg,382.jpg,457.jpg,383.jpg,150.jpg,375.jpg,154.jpg,118.jpg
242,234.jpg,388.jpg,324.jpg,108.jpg,380.jpg,99.jpg,174.jpg,415.jpg,76.jpg,33.jpg,392.jpg
243,235.jpg,225.jpg,85.jpg,422.jpg,237.jpg,51.jpg,7.jpg,336.jpg,268.jpg,154.jpg,274.jpg
244,236.jpg,88.jpg,486.jpg,151.jpg,221.jpg,127.jpg,129.jpg,279.jpg,148.jpg,204.jpg,176.jpg
245,237.jpg,239.jpg,333.jpg,235.jpg,225.jpg,429.jpg,422.jpg,261.jpg,434.jpg,7.jpg,336.jpg
246,238.jpg,51.jpg,336.jpg,268.jpg,422.jpg,264.jpg,373.jpg,274.jpg,235.jpg,362.jpg,413.jpg
247,239.jpg,237.jpg,333.jpg,434.jpg,225.jpg,235.jpg,429.jpg,218.jpg,344.jpg,362.jpg,261.jpg
248,24.jpg,297.jpg,251.jpg,254.jpg,40.jpg,60.jpg,201.jpg,271.jpg,104.jpg,3.jpg,8.jpg
249,240.jpg,247.jpg,250.jpg,226.jpg,478.jpg,444.jpg,397.jpg,246.jpg,462.jpg,73.jpg,282.jpg
250,241.jpg,202.jpg,279.jpg,138.jpg,204.jpg,59.jpg,129.jpg,486.jpg,55.jpg,88.jpg,175.jpg
251,242.jpg,101.jpg,177.jpg,479.jpg,444.jpg,282.jpg,159.jpg,84.jpg,439.jpg,160.jpg,95.jpg
252,243.jpg,224.jpg,448.jpg,294.jpg,384.jpg,246.jpg,53.jpg,89.jpg,446.jpg,159.jpg,184.jpg
253,244.jpg,213.jpg,212.jpg,289.jpg,114.jpg,426.jpg,373.jpg,191.jpg,458.jpg,174.jpg,425.jpg
254,245.jpg,281.jpg,18.jpg,293.jpg,455.jpg,89.jpg,439.jpg,33.jpg,399.jpg,436.jpg,60.jpg
255,246.jpg,224.jpg,448.jpg,363.jpg,384.jpg,114.jpg,85.jpg,243.jpg,294.jpg,339.jpg,341.jpg
256,247.jpg,240.jpg,250.jpg,226.jpg,444.jpg,397.jpg,396.jpg,319.jpg,478.jpg,395.jpg,367.jpg
257,248.jpg,361.jpg,22.jpg,186.jpg,283.jpg,389.jpg,280.jpg,55.jpg,428.jpg,325.jpg,484.jpg
258,25.jpg,242.jpg,32.jpg,444.jpg,35.jpg,26.jpg,355.jpg,298.jpg,113.jpg,424.jpg,73.jpg
259,250.jpg,240.jpg,226.jpg,397.jpg,73.jpg,247.jpg,246.jpg,391.jpg,367.jpg,444.jpg,219.jpg
260,251.jpg,3.jpg,8.jpg,7.jpg,122.jpg,344.jpg,342.jpg,343.jpg,24.jpg,428.jpg,427.jpg
261,252.jpg,253.jpg,145.jpg,137.jpg,185.jpg,184.jpg,106.jpg,327.jpg,377.jpg,419.jpg,102.jpg
262,253.jpg,252.jpg,137.jpg,327.jpg,102.jpg,53.jpg,96.jpg,145.jpg,336.jpg,419.jpg,106.jpg
263,254.jpg,24.jpg,29.jpg,272.jpg,55.jpg,201.jpg,204.jpg,59.jpg,343.jpg,344.jpg,297.jpg
264,255.jpg,256.jpg,28.jpg,379.jpg,273.jpg,27.jpg,297.jpg,163.jpg,286.jpg,265.jpg,239.jpg
265,256.jpg,255.jpg,239.jpg,264.jpg,28.jpg,369.jpg,27.jpg,379.jpg,265.jpg,333.jpg,336.jpg
266,257.jpg,34.jpg,324.jpg,415.jpg,99.jpg,413.jpg,51.jpg,446.jpg,108.jpg,107.jpg,294.jpg
267,258.jpg,259.jpg,55.jpg,342.jpg,344.jpg,251.jpg,428.jpg,409.jpg,122.jpg,173.jpg,291.jpg
268,259.jpg,258.jpg,342.jpg,428.jpg,325.jpg,344.jpg,122.jpg,201.jpg,251.jpg,55.jpg,370.jpg
269,26.jpg,299.jpg,30.jpg,301.jpg,267.jpg,13.jpg,23.jpg,143.jpg,497.jpg,62.jpg,144.jpg
270,260.jpg,183.jpg,53.jpg,435.jpg,485.jpg,365.jpg,102.jpg,182.jpg,137.jpg,482.jpg,445.jpg
271,261.jpg,33.jpg,422.jpg,23.jpg,13.jpg,54.jpg,14.jpg,154.jpg,333.jpg,362.jpg,303.jpg
272,262.jpg,413.jpg,51.jpg,137.jpg,481.jpg,365.jpg,336.jpg,257.jpg,348.jpg,238.jpg,102.jpg
273,263.jpg,125.jpg,169.jpg,325.jpg,483.jpg,293.jpg,399.jpg,388.jpg,182.jpg,193.jpg,107.jpg
274,264.jpg,266.jpg,268.jpg,238.jpg,167.jpg,336.jpg,422.jpg,9.jpg,58.jpg,328.jpg,235.jpg
275,265.jpg,291.jpg,480.jpg,122.jpg,496.jpg,167.jpg,19.jpg,173.jpg,366.jpg,482.jpg,104.jpg
276,266.jpg,264.jpg,268.jpg,346.jpg,422.jpg,336.jpg,238.jpg,37.jpg,167.jpg,327.jpg,373.jpg
277,267.jpg,26.jpg,87.jpg,23.jpg,13.jpg,346.jpg,261.jpg,303.jpg,239.jpg,14.jpg,296.jpg
278,268.jpg,422.jpg,51.jpg,238.jpg,274.jpg,235.jpg,264.jpg,266.jpg,167.jpg,346.jpg,481.jpg
279,269.jpg,228.jpg,324.jpg,381.jpg,388.jpg,234.jpg,380.jpg,171.jpg,121.jpg,229.jpg,337.jpg
280,29.jpg,28.jpg,251.jpg,24.jpg,291.jpg,427.jpg,27.jpg,286.jpg,297.jpg,254.jpg,104.jpg
281,290.jpg,288.jpg,332.jpg,365.jpg,479.jpg,102.jpg,159.jpg,100.jpg,499.jpg,427.jpg,242.jpg
282,291.jpg,265.jpg,122.jpg,344.jpg,251.jpg,258.jpg,427.jpg,480.jpg,104.jpg,342.jpg,173.jpg
283,292.jpg,189.jpg,39.jpg,124.jpg,497.jpg,126.jpg,443.jpg,488.jpg,308.jpg,212.jpg,87.jpg
284,293.jpg,169.jpg,475.jpg,125.jpg,281.jpg,388.jpg,245.jpg,325.jpg,457.jpg,197.jpg,201.jpg
285,294.jpg,80.jpg,457.jpg,51.jpg,446.jpg,243.jpg,154.jpg,159.jpg,107.jpg,85.jpg,235.jpg
286,295.jpg,296.jpg,212.jpg,391.jpg,282.jpg,14.jpg,213.jpg,448.jpg,372.jpg,443.jpg,33.jpg
287,296.jpg,295.jpg,391.jpg,87.jpg,372.jpg,303.jpg,14.jpg,211.jpg,85.jpg,191.jpg,448.jpg
288,297.jpg,24.jpg,487.jpg,120.jpg,140.jpg,3.jpg,8.jpg,251.jpg,7.jpg,104.jpg,343.jpg
289,298.jpg,195.jpg,358.jpg,360.jpg,386.jpg,80.jpg,394.jpg,436.jpg,281.jpg,7.jpg,186.jpg
290,299.jpg,30.jpg,23.jpg,261.jpg,144.jpg,303.jpg,13.jpg,14.jpg,359.jpg,143.jpg,301.jpg
291,3.jpg,8.jpg,7.jpg,251.jpg,343.jpg,360.jpg,386.jpg,344.jpg,421.jpg,122.jpg,335.jpg
292,30.jpg,299.jpg,23.jpg,261.jpg,144.jpg,303.jpg,13.jpg,14.jpg,359.jpg,136.jpg,143.jpg
293,300.jpg,81.jpg,391.jpg,209.jpg,405.jpg,13.jpg,301.jpg,73.jpg,152.jpg,84.jpg,216.jpg
294,301.jpg,23.jpg,299.jpg,30.jpg,261.jpg,346.jpg,26.jpg,345.jpg,309.jpg,13.jpg,209.jpg
295,302.jpg,471.jpg,436.jpg,196.jpg,281.jpg,245.jpg,399.jpg,33.jpg,470.jpg,211.jpg,227.jpg
296,303.jpg,394.jpg,431.jpg,33.jpg,455.jpg,439.jpg,186.jpg,281.jpg,261.jpg,86.jpg,422.jpg
297,304.jpg,320.jpg,402.jpg,318.jpg,321.jpg,307.jpg,312.jpg,180.jpg,181.jpg,305.jpg,315.jpg
298,305.jpg,322.jpg,314.jpg,312.jpg,323.jpg,78.jpg,71.jpg,499.jpg,285.jpg,403.jpg,495.jpg
299,306.jpg,322.jpg,209.jpg,305.jpg,81.jpg,316.jpg,216.jpg,405.jpg,68.jpg,285.jpg,220.jpg
300,308.jpg,212.jpg,213.jpg,126.jpg,488.jpg,443.jpg,372.jpg,374.jpg,191.jpg,32.jpg,353.jpg
301,309.jpg,319.jpg,310.jpg,346.jpg,422.jpg,209.jpg,444.jpg,13.jpg,177.jpg,149.jpg,404.jpg
302,31.jpg,347.jpg,420.jpg,425.jpg,191.jpg,350.jpg,416.jpg,353.jpg,65.jpg,213.jpg,196.jpg
303,310.jpg,309.jpg,319.jpg,346.jpg,422.jpg,268.jpg,177.jpg,444.jpg,238.jpg,481.jpg,235.jpg
304,311.jpg,323.jpg,312.jpg,406.jpg,321.jpg,320.jpg,400.jpg,305.jpg,316.jpg,404.jpg,322.jpg
305,312.jpg,321.jpg,320.jpg,305.jpg,311.jpg,323.jpg,400.jpg,304.jpg,322.jpg,315.jpg,316.jpg
306,313.jpg,73.jpg,212.jpg,219.jpg,462.jpg,213.jpg,282.jpg,391.jpg,458.jpg,308.jpg,33.jpg
307,314.jpg,71.jpg,305.jpg,178.jpg,72.jpg,78.jpg,366.jpg,485.jpg,499.jpg,10.jpg,288.jpg
308,315.jpg,318.jpg,314.jpg,321.jpg,312.jpg,323.jpg,322.jpg,305.jpg,320.jpg,181.jpg,71.jpg
309,316.jpg,404.jpg,400.jpg,310.jpg,72.jpg,71.jpg,238.jpg,264.jpg,309.jpg,319.jpg,217.jpg
310,317.jpg,225.jpg,325.jpg,429.jpg,370.jpg,237.jpg,86.jpg,285.jpg,352.jpg,445.jpg,156.jpg
311,318.jpg,315.jpg,181.jpg,304.jpg,321.jpg,320.jpg,180.jpg,307.jpg,312.jpg,314.jpg,322.jpg
312,319.jpg,309.jpg,310.jpg,346.jpg,444.jpg,422.jpg,113.jpg,177.jpg,209.jpg,13.jpg,404.jpg
313,32.jpg,211.jpg,126.jpg,219.jpg,33.jpg,212.jpg,87.jpg,213.jpg,113.jpg,13.jpg,73.jpg
314,320.jpg,321.jpg,312.jpg,304.jpg,305.jpg,316.jpg,311.jpg,322.jpg,318.jpg,315.jpg,306.jpg
315,321.jpg,320.jpg,312.jpg,305.jpg,316.jpg,322.jpg,304.jpg,311.jpg,315.jpg,318.jpg,306.jpg
316,322.jpg,305.jpg,265.jpg,78.jpg,71.jpg,366.jpg,400.jpg,496.jpg,314.jpg,115.jpg,403.jpg
317,323.jpg,406.jpg,305.jpg,311.jpg,322.jpg,78.jpg,314.jpg,400.jpg,312.jpg,134.jpg,495.jpg
318,324.jpg,257.jpg,99.jpg,413.jpg,51.jpg,294.jpg,337.jpg,108.jpg,34.jpg,107.jpg,380.jpg
319,325.jpg,193.jpg,436.jpg,186.jpg,431.jpg,214.jpg,394.jpg,60.jpg,428.jpg,281.jpg,34.jpg
320,327.jpg,336.jpg,155.jpg,137.jpg,377.jpg,328.jpg,51.jpg,118.jpg,58.jpg,411.jpg,7.jpg
321,328.jpg,327.jpg,329.jpg,326.jpg,264.jpg,336.jpg,58.jpg,118.jpg,238.jpg,335.jpg,7.jpg
322,329.jpg,328.jpg,118.jpg,336.jpg,334.jpg,217.jpg,218.jpg,72.jpg,232.jpg,28.jpg,58.jpg
323,33.jpg,34.jpg,399.jpg,392.jpg,261.jpg,99.jpg,439.jpg,387.jpg,394.jpg,471.jpg,388.jpg
324,330.jpg,331.jpg,413.jpg,228.jpg,415.jpg,257.jpg,229.jpg,16.jpg,149.jpg,34.jpg,56.jpg
325,331.jpg,330.jpg,413.jpg,348.jpg,336.jpg,262.jpg,340.jpg,228.jpg,334.jpg,34.jpg,257.jpg
326,332.jpg,288.jpg,290.jpg,415.jpg,257.jpg,447.jpg,388.jpg,234.jpg,99.jpg,427.jpg,464.jpg
327,333.jpg,237.jpg,239.jpg,235.jpg,261.jpg,225.jpg,434.jpg,13.jpg,359.jpg,422.jpg,343.jpg
328,334.jpg,324.jpg,329.jpg,413.jpg,336.jpg,51.jpg,480.jpg,257.jpg,452.jpg,348.jpg,238.jpg
329,335.jpg,421.jpg,326.jpg,7.jpg,8.jpg,3.jpg,58.jpg,28.jpg,344.jpg,251.jpg,379.jpg
330,336.jpg,51.jpg,460.jpg,155.jpg,238.jpg,327.jpg,235.jpg,3.jpg,8.jpg,7.jpg,167.jpg
331,337.jpg,489.jpg,479.jpg,99.jpg,492.jpg,324.jpg,107.jpg,54.jpg,448.jpg,154.jpg,338.jpg
332,338.jpg,373.jpg,51.jpg,155.jpg,411.jpg,336.jpg,99.jpg,154.jpg,337.jpg,324.jpg,158.jpg
333,339.jpg,341.jpg,246.jpg,384.jpg,426.jpg,417.jpg,363.jpg,224.jpg,448.jpg,114.jpg,16.jpg
334,34.jpg,33.jpg,99.jpg,455.jpg,257.jpg,325.jpg,51.jpg,411.jpg,457.jpg,154.jpg,439.jpg
335,340.jpg,231.jpg,141.jpg,228.jpg,413.jpg,229.jpg,324.jpg,57.jpg,336.jpg,155.jpg,99.jpg
336,341.jpg,339.jpg,246.jpg,384.jpg,16.jpg,448.jpg,417.jpg,426.jpg,294.jpg,363.jpg,114.jpg
337,342.jpg,344.jpg,358.jpg,360.jpg,343.jpg,258.jpg,251.jpg,259.jpg,3.jpg,8.jpg,195.jpg
338,343.jpg,359.jpg,360.jpg,8.jpg,3.jpg,344.jpg,7.jpg,342.jpg,251.jpg,379.jpg,475.jpg
339,344.jpg,342.jpg,343.jpg,251.jpg,360.jpg,258.jpg,3.jpg,8.jpg,7.jpg,122.jpg,291.jpg
340,346.jpg,310.jpg,209.jpg,309.jpg,319.jpg,268.jpg,266.jpg,14.jpg,149.jpg,422.jpg,456.jpg
341,347.jpg,31.jpg,420.jpg,350.jpg,65.jpg,425.jpg,191.jpg,353.jpg,150.jpg,417.jpg,233.jpg
342,348.jpg,413.jpg,336.jpg,51.jpg,155.jpg,238.jpg,163.jpg,262.jpg,178.jpg,362.jpg,218.jpg
343,349.jpg,216.jpg,444.jpg,249.jpg,247.jpg,319.jpg,69.jpg,113.jpg,424.jpg,445.jpg,80.jpg
344,35.jpg,144.jpg,139.jpg,47.jpg,37.jpg,143.jpg,30.jpg,299.jpg,355.jpg,282.jpg,446.jpg
345,350.jpg,347.jpg,490.jpg,150.jpg,0.jpg,493.jpg,233.jpg,449.jpg,230.jpg,142.jpg,378.jpg
346,351.jpg,355.jpg,356.jpg,378.jpg,194.jpg,360.jpg,379.jpg,119.jpg,76.jpg,233.jpg,382.jpg
347,352.jpg,360.jpg,51.jpg,7.jpg,336.jpg,80.jpg,356.jpg,445.jpg,8.jpg,3.jpg,460.jpg
348,353.jpg,32.jpg,211.jpg,105.jpg,355.jpg,387.jpg,347.jpg,372.jpg,417.jpg,126.jpg,381.jpg
349,354.jpg,382.jpg,234.jpg,383.jpg,380.jpg,379.jpg,154.jpg,159.jpg,377.jpg,119.jpg,76.jpg
350,355.jpg,76.jpg,353.jpg,30.jpg,32.jpg,299.jpg,381.jpg,351.jpg,294.jpg,35.jpg,144.jpg
351,356.jpg,360.jpg,80.jpg,359.jpg,352.jpg,343.jpg,386.jpg,7.jpg,8.jpg,3.jpg,358.jpg
352,357.jpg,274.jpg,51.jpg,118.jpg,422.jpg,238.jpg,177.jpg,178.jpg,268.jpg,383.jpg,159.jpg
353,358.jpg,195.jpg,342.jpg,360.jpg,394.jpg,86.jpg,343.jpg,344.jpg,186.jpg,201.jpg,121.jpg
354,359.jpg,360.jpg,343.jpg,379.jpg,7.jpg,382.jpg,356.jpg,8.jpg,3.jpg,421.jpg,333.jpg
355,36.jpg,194.jpg,17.jpg,378.jpg,351.jpg,228.jpg,132.jpg,272.jpg,93.jpg,381.jpg,269.jpg
356,360.jpg,359.jpg,343.jpg,358.jpg,342.jpg,379.jpg,344.jpg,195.jpg,356.jpg,8.jpg,3.jpg
357,361.jpg,248.jpg,428.jpg,55.jpg,389.jpg,214.jpg,22.jpg,371.jpg,325.jpg,283.jpg,484.jpg
358,362.jpg,54.jpg,261.jpg,56.jpg,434.jpg,99.jpg,238.jpg,422.jpg,439.jpg,149.jpg,336.jpg
359,363.jpg,246.jpg,115.jpg,445.jpg,482.jpg,85.jpg,365.jpg,224.jpg,448.jpg,114.jpg,100.jpg
360,365.jpg,366.jpg,445.jpg,413.jpg,51.jpg,137.jpg,102.jpg,274.jpg,485.jpg,336.jpg,482.jpg
361,366.jpg,365.jpg,485.jpg,445.jpg,480.jpg,288.jpg,496.jpg,413.jpg,265.jpg,499.jpg,456.jpg
362,367.jpg,113.jpg,444.jpg,205.jpg,445.jpg,85.jpg,73.jpg,442.jpg,405.jpg,222.jpg,219.jpg
363,368.jpg,135.jpg,165.jpg,166.jpg,396.jpg,68.jpg,280.jpg,75.jpg,397.jpg,313.jpg,73.jpg
364,369.jpg,232.jpg,217.jpg,265.jpg,256.jpg,15.jpg,276.jpg,264.jpg,255.jpg,9.jpg,115.jpg
365,37.jpg,119.jpg,142.jpg,437.jpg,5.jpg,150.jpg,136.jpg,27.jpg,376.jpg,7.jpg,327.jpg
366,370.jpg,121.jpg,259.jpg,283.jpg,325.jpg,317.jpg,186.jpg,429.jpg,201.jpg,293.jpg,342.jpg
367,371.jpg,90.jpg,281.jpg,372.jpg,325.jpg,197.jpg,455.jpg,399.jpg,214.jpg,450.jpg,82.jpg
368,372.jpg,281.jpg,87.jpg,211.jpg,371.jpg,471.jpg,124.jpg,193.jpg,296.jpg,412.jpg,399.jpg
369,373.jpg,411.jpg,154.jpg,51.jpg,422.jpg,456.jpg,455.jpg,274.jpg,238.jpg,338.jpg,159.jpg
370,374.jpg,443.jpg,364.jpg,282.jpg,222.jpg,73.jpg,227.jpg,489.jpg,385.jpg,193.jpg,448.jpg
371,375.jpg,376.jpg,155.jpg,233.jpg,47.jpg,377.jpg,142.jpg,157.jpg,449.jpg,383.jpg,118.jpg
372,376.jpg,375.jpg,142.jpg,233.jpg,377.jpg,37.jpg,155.jpg,437.jpg,287.jpg,118.jpg,449.jpg
373,377.jpg,155.jpg,274.jpg,159.jpg,51.jpg,419.jpg,154.jpg,327.jpg,446.jpg,235.jpg,294.jpg
374,378.jpg,381.jpg,233.jpg,446.jpg,294.jpg,388.jpg,76.jpg,475.jpg,230.jpg,107.jpg,228.jpg
375,379.jpg,382.jpg,27.jpg,28.jpg,380.jpg,360.jpg,118.jpg,286.jpg,58.jpg,343.jpg,5.jpg
376,38.jpg,446.jpg,119.jpg,230.jpg,147.jpg,157.jpg,411.jpg,162.jpg,455.jpg,493.jpg,457.jpg
377,380.jpg,382.jpg,379.jpg,119.jpg,324.jpg,5.jpg,294.jpg,118.jpg,429.jpg,360.jpg,234.jpg
378,381.jpg,378.jpg,76.jpg,228.jpg,388.jpg,294.jpg,108.jpg,16.jpg,233.jpg,355.jpg,353.jpg
379,382.jpg,379.jpg,380.jpg,360.jpg,58.jpg,118.jpg,27.jpg,437.jpg,119.jpg,359.jpg,343.jpg
380,384.jpg,448.jpg,243.jpg,224.jpg,246.jpg,89.jpg,457.jpg,114.jpg,426.jpg,294.jpg,341.jpg
381,385.jpg,489.jpg,67.jpg,65.jpg,196.jpg,222.jpg,374.jpg,227.jpg,89.jpg,364.jpg,446.jpg
382,386.jpg,80.jpg,7.jpg,8.jpg,3.jpg,251.jpg,475.jpg,427.jpg,235.jpg,421.jpg,225.jpg
383,387.jpg,399.jpg,388.jpg,33.jpg,76.jpg,281.jpg,18.jpg,464.jpg,436.jpg,125.jpg,196.jpg
384,388.jpg,387.jpg,76.jpg,125.jpg,33.jpg,293.jpg,399.jpg,234.jpg,415.jpg,34.jpg,294.jpg
385,389.jpg,399.jpg,197.jpg,371.jpg,387.jpg,55.jpg,201.jpg,279.jpg,75.jpg,129.jpg,90.jpg
386,39.jpg,124.jpg,497.jpg,189.jpg,488.jpg,126.jpg,81.jpg,212.jpg,372.jpg,292.jpg,443.jpg
387,390.jpg,433.jpg,210.jpg,260.jpg,363.jpg,435.jpg,115.jpg,102.jpg,53.jpg,217.jpg,72.jpg
388,391.jpg,219.jpg,214.jpg,73.jpg,296.jpg,303.jpg,86.jpg,394.jpg,193.jpg,131.jpg,405.jpg
389,392.jpg,33.jpg,99.jpg,174.jpg,154.jpg,34.jpg,172.jpg,455.jpg,51.jpg,136.jpg,393.jpg
390,393.jpg,212.jpg,213.jpg,33.jpg,392.jpg,139.jpg,219.jpg,144.jpg,364.jpg,126.jpg,479.jpg
391,394.jpg,186.jpg,86.jpg,325.jpg,193.jpg,33.jpg,303.jpg,195.jpg,288.jpg,358.jpg,343.jpg
392,395.jpg,396.jpg,498.jpg,247.jpg,226.jpg,240.jpg,365.jpg,144.jpg,397.jpg,47.jpg,48.jpg
393,396.jpg,395.jpg,397.jpg,247.jpg,240.jpg,250.jpg,462.jpg,226.jpg,391.jpg,319.jpg,444.jpg
394,397.jpg,250.jpg,391.jpg,131.jpg,1.jpg,149.jpg,219.jpg,462.jpg,226.jpg,73.jpg,81.jpg
395,398.jpg,325.jpg,293.jpg,89.jpg,483.jpg,104.jpg,427.jpg,457.jpg,294.jpg,475.jpg,173.jpg
396,399.jpg,387.jpg,33.jpg,18.jpg,125.jpg,471.jpg,281.jpg,111.jpg,470.jpg,371.jpg,388.jpg
397,4.jpg,174.jpg,411.jpg,455.jpg,155.jpg,172.jpg,168.jpg,99.jpg,493.jpg,154.jpg,373.jpg
398,40.jpg,24.jpg,271.jpg,475.jpg,273.jpg,272.jpg,281.jpg,190.jpg,457.jpg,34.jpg,20.jpg
399,400.jpg,316.jpg,322.jpg,71.jpg,404.jpg,216.jpg,72.jpg,323.jpg,435.jpg,312.jpg,403.jpg
400,402.jpg,304.jpg,307.jpg,312.jpg,400.jpg,320.jpg,321.jpg,318.jpg,305.jpg,181.jpg,180.jpg
401,403.jpg,405.jpg,317.jpg,186.jpg,225.jpg,156.jpg,394.jpg,404.jpg,80.jpg,285.jpg,235.jpg
402,404.jpg,319.jpg,309.jpg,310.jpg,403.jpg,13.jpg,444.jpg,346.jpg,317.jpg,225.jpg,422.jpg
403,405.jpg,73.jpg,219.jpg,391.jpg,403.jpg,149.jpg,193.jpg,367.jpg,325.jpg,222.jpg,214.jpg
404,406.jpg,323.jpg,311.jpg,312.jpg,305.jpg,400.jpg,322.jpg,71.jpg,72.jpg,495.jpg,314.jpg
405,407.jpg,408.jpg,135.jpg,64.jpg,323.jpg,406.jpg,76.jpg,447.jpg,75.jpg,332.jpg,78.jpg
406,408.jpg,407.jpg,135.jpg,64.jpg,323.jpg,406.jpg,76.jpg,447.jpg,75.jpg,78.jpg,453.jpg
407,409.jpg,55.jpg,258.jpg,123.jpg,483.jpg,428.jpg,204.jpg,342.jpg,45.jpg,169.jpg,197.jpg
408,41.jpg,23.jpg,394.jpg,86.jpg,288.jpg,335.jpg,421.jpg,225.jpg,7.jpg,276.jpg,275.jpg
409,410.jpg,50.jpg,231.jpg,169.jpg,80.jpg,174.jpg,270.jpg,483.jpg,415.jpg,409.jpg,342.jpg
410,411.jpg,455.jpg,373.jpg,172.jpg,154.jpg,159.jpg,174.jpg,34.jpg,157.jpg,4.jpg,52.jpg
411,412.jpg,471.jpg,82.jpg,87.jpg,281.jpg,372.jpg,211.jpg,371.jpg,214.jpg,111.jpg,296.jpg
412,413.jpg,51.jpg,365.jpg,336.jpg,324.jpg,137.jpg,445.jpg,348.jpg,257.jpg,155.jpg,274.jpg
413,414.jpg,63.jpg,158.jpg,4.jpg,459.jpg,161.jpg,270.jpg,157.jpg,172.jpg,174.jpg,200.jpg
414,415.jpg,257.jpg,108.jpg,34.jpg,288.jpg,446.jpg,174.jpg,99.jpg,169.jpg,95.jpg,475.jpg
415,416.jpg,289.jpg,213.jpg,191.jpg,212.jpg,474.jpg,31.jpg,425.jpg,308.jpg,493.jpg,347.jpg
416,417.jpg,448.jpg,114.jpg,159.jpg,224.jpg,89.jpg,154.jpg,281.jpg,243.jpg,246.jpg,191.jpg
417,418.jpg,449.jpg,419.jpg,446.jpg,157.jpg,375.jpg,376.jpg,200.jpg,38.jpg,168.jpg,65.jpg
418,419.jpg,168.jpg,377.jpg,446.jpg,155.jpg,203.jpg,185.jpg,57.jpg,184.jpg,65.jpg,162.jpg
419,42.jpg,236.jpg,221.jpg,486.jpg,129.jpg,148.jpg,59.jpg,151.jpg,88.jpg,29.jpg,176.jpg
420,421.jpg,335.jpg,7.jpg,8.jpg,3.jpg,343.jpg,326.jpg,379.jpg,360.jpg,251.jpg,58.jpg
421,422.jpg,274.jpg,51.jpg,235.jpg,268.jpg,261.jpg,373.jpg,154.jpg,238.jpg,85.jpg,99.jpg
422,423.jpg,153.jpg,93.jpg,494.jpg,104.jpg,163.jpg,188.jpg,427.jpg,210.jpg,286.jpg,6.jpg
423,424.jpg,444.jpg,367.jpg,80.jpg,73.jpg,455.jpg,35.jpg,226.jpg,352.jpg,445.jpg,110.jpg
424,425.jpg,65.jpg,420.jpg,196.jpg,230.jpg,347.jpg,67.jpg,213.jpg,227.jpg,289.jpg,168.jpg
425,426.jpg,114.jpg,448.jpg,384.jpg,51.jpg,243.jpg,108.jpg,450.jpg,224.jpg,246.jpg,417.jpg
426,427.jpg,288.jpg,173.jpg,251.jpg,483.jpg,104.jpg,183.jpg,163.jpg,475.jpg,169.jpg,123.jpg
427,428.jpg,201.jpg,251.jpg,325.jpg,258.jpg,55.jpg,173.jpg,483.jpg,259.jpg,429.jpg,24.jpg
428,429.jpg,428.jpg,7.jpg,3.jpg,8.jpg,237.jpg,86.jpg,201.jpg,456.jpg,344.jpg,343.jpg
429,43.jpg,432.jpg,231.jpg,410.jpg,340.jpg,91.jpg,46.jpg,69.jpg,252.jpg,50.jpg,80.jpg
430,430.jpg,399.jpg,197.jpg,231.jpg,230.jpg,18.jpg,196.jpg,33.jpg,388.jpg,228.jpg,293.jpg
431,431.jpg,436.jpg,86.jpg,90.jpg,325.jpg,464.jpg,303.jpg,214.jpg,455.jpg,411.jpg,428.jpg
432,432.jpg,46.jpg,137.jpg,485.jpg,340.jpg,336.jpg,365.jpg,231.jpg,51.jpg,266.jpg,167.jpg
433,433.jpg,390.jpg,137.jpg,77.jpg,376.jpg,102.jpg,375.jpg,252.jpg,208.jpg,106.jpg,365.jpg
434,434.jpg,13.jpg,54.jpg,239.jpg,362.jpg,333.jpg,422.jpg,237.jpg,261.jpg,238.jpg,14.jpg
435,435.jpg,485.jpg,260.jpg,46.jpg,366.jpg,98.jpg,451.jpg,365.jpg,102.jpg,496.jpg,115.jpg
436,436.jpg,431.jpg,325.jpg,281.jpg,90.jpg,471.jpg,172.jpg,411.jpg,86.jpg,193.jpg,455.jpg
437,437.jpg,27.jpg,118.jpg,119.jpg,28.jpg,379.jpg,142.jpg,5.jpg,287.jpg,382.jpg,37.jpg
438,438.jpg,411.jpg,437.jpg,377.jpg,421.jpg,376.jpg,27.jpg,119.jpg,274.jpg,382.jpg,154.jpg
439,439.jpg,222.jpg,193.jpg,33.jpg,54.jpg,136.jpg,460.jpg,34.jpg,99.jpg,281.jpg,1.jpg
440,440.jpg,222.jpg,281.jpg,471.jpg,436.jpg,325.jpg,245.jpg,196.jpg,170.jpg,193.jpg,89.jpg
441,441.jpg,205.jpg,145.jpg,110.jpg,184.jpg,224.jpg,185.jpg,377.jpg,206.jpg,274.jpg,85.jpg
442,442.jpg,85.jpg,80.jpg,235.jpg,367.jpg,386.jpg,50.jpg,222.jpg,172.jpg,411.jpg,156.jpg
443,443.jpg,374.jpg,295.jpg,282.jpg,212.jpg,308.jpg,391.jpg,126.jpg,364.jpg,219.jpg,73.jpg
444,444.jpg,85.jpg,160.jpg,367.jpg,319.jpg,113.jpg,445.jpg,80.jpg,235.jpg,422.jpg,177.jpg
445,445.jpg,365.jpg,51.jpg,80.jpg,413.jpg,366.jpg,274.jpg,137.jpg,352.jpg,444.jpg,367.jpg
446,446.jpg,455.jpg,159.jpg,419.jpg,294.jpg,377.jpg,415.jpg,154.jpg,34.jpg,274.jpg,411.jpg
447,447.jpg,332.jpg,78.jpg,288.jpg,290.jpg,263.jpg,427.jpg,415.jpg,128.jpg,499.jpg,483.jpg
448,448.jpg,89.jpg,224.jpg,417.jpg,243.jpg,457.jpg,384.jpg,246.jpg,154.jpg,85.jpg,114.jpg
449,449.jpg,418.jpg,446.jpg,450.jpg,376.jpg,65.jpg,289.jpg,419.jpg,375.jpg,157.jpg,233.jpg
450,45.jpg,483.jpg,169.jpg,409.jpg,170.jpg,55.jpg,325.jpg,173.jpg,182.jpg,197.jpg,428.jpg
451,450.jpg,455.jpg,325.jpg,34.jpg,411.jpg,371.jpg,446.jpg,107.jpg,436.jpg,448.jpg,449.jpg
452,451.jpg,452.jpg,217.jpg,264.jpg,348.jpg,238.jpg,167.jpg,334.jpg,329.jpg,218.jpg,262.jpg
453,452.jpg,451.jpg,348.jpg,264.jpg,217.jpg,63.jpg,329.jpg,238.jpg,334.jpg,218.jpg,167.jpg
454,453.jpg,479.jpg,108.jpg,107.jpg,294.jpg,324.jpg,415.jpg,159.jpg,234.jpg,446.jpg,392.jpg
455,454.jpg,15.jpg,238.jpg,264.jpg,456.jpg,9.jpg,268.jpg,328.jpg,98.jpg,167.jpg,115.jpg
456,455.jpg,411.jpg,446.jpg,154.jpg,34.jpg,159.jpg,174.jpg,136.jpg,172.jpg,373.jpg,51.jpg
457,456.jpg,373.jpg,51.jpg,411.jpg,268.jpg,422.jpg,235.jpg,429.jpg,455.jpg,7.jpg,346.jpg
458,457.jpg,89.jpg,294.jpg,475.jpg,448.jpg,34.jpg,119.jpg,154.jpg,163.jpg,109.jpg,162.jpg
459,458.jpg,459.jpg,324.jpg,99.jpg,234.jpg,174.jpg,56.jpg,33.jpg,392.jpg,213.jpg,108.jpg
460,459.jpg,458.jpg,324.jpg,257.jpg,414.jpg,99.jpg,234.jpg,108.jpg,56.jpg,79.jpg,172.jpg
461,48.jpg,446.jpg,282.jpg,498.jpg,16.jpg,73.jpg,137.jpg,198.jpg,489.jpg,79.jpg,185.jpg
462,480.jpg,265.jpg,366.jpg,291.jpg,288.jpg,167.jpg,19.jpg,427.jpg,122.jpg,273.jpg,413.jpg
463,481.jpg,268.jpg,51.jpg,413.jpg,177.jpg,262.jpg,238.jpg,422.jpg,365.jpg,310.jpg,178.jpg
464,482.jpg,80.jpg,288.jpg,7.jpg,365.jpg,445.jpg,235.jpg,427.jpg,100.jpg,386.jpg,225.jpg
465,483.jpg,169.jpg,173.jpg,123.jpg,427.jpg,45.jpg,428.jpg,325.jpg,409.jpg,182.jpg,183.jpg
466,484.jpg,283.jpg,372.jpg,325.jpg,371.jpg,111.jpg,211.jpg,197.jpg,86.jpg,193.jpg,296.jpg
467,485.jpg,366.jpg,365.jpg,46.jpg,435.jpg,445.jpg,413.jpg,102.jpg,137.jpg,98.jpg,480.jpg
468,486.jpg,138.jpg,88.jpg,236.jpg,221.jpg,151.jpg,129.jpg,133.jpg,127.jpg,487.jpg,44.jpg
469,487.jpg,120.jpg,140.jpg,297.jpg,24.jpg,176.jpg,344.jpg,104.jpg,28.jpg,8.jpg,3.jpg
470,488.jpg,308.jpg,213.jpg,212.jpg,126.jpg,191.jpg,492.jpg,474.jpg,337.jpg,289.jpg,32.jpg
471,489.jpg,337.jpg,222.jpg,492.jpg,16.jpg,448.jpg,228.jpg,385.jpg,229.jpg,364.jpg,34.jpg
472,49.jpg,67.jpg,425.jpg,196.jpg,161.jpg,65.jpg,168.jpg,230.jpg,197.jpg,420.jpg,170.jpg
473,490.jpg,350.jpg,375.jpg,376.jpg,150.jpg,0.jpg,47.jpg,142.jpg,383.jpg,37.jpg,284.jpg
474,491.jpg,217.jpg,369.jpg,15.jpg,19.jpg,98.jpg,232.jpg,210.jpg,9.jpg,326.jpg,435.jpg
475,492.jpg,337.jpg,489.jpg,54.jpg,448.jpg,493.jpg,154.jpg,213.jpg,373.jpg,14.jpg,384.jpg
476,493.jpg,289.jpg,154.jpg,230.jpg,150.jpg,392.jpg,4.jpg,155.jpg,136.jpg,373.jpg,14.jpg
477,494.jpg,93.jpg,423.jpg,132.jpg,77.jpg,194.jpg,153.jpg,496.jpg,398.jpg,188.jpg,366.jpg
478,495.jpg,285.jpg,288.jpg,427.jpg,225.jpg,186.jpg,480.jpg,100.jpg,366.jpg,273.jpg,78.jpg
479,496.jpg,265.jpg,98.jpg,366.jpg,104.jpg,96.jpg,97.jpg,173.jpg,122.jpg,480.jpg,115.jpg
480,497.jpg,26.jpg,143.jpg,463.jpg,14.jpg,126.jpg,212.jpg,144.jpg,465.jpg,295.jpg,81.jpg
481,498.jpg,365.jpg,48.jpg,290.jpg,137.jpg,499.jpg,185.jpg,102.jpg,184.jpg,413.jpg,243.jpg
482,499.jpg,288.jpg,366.jpg,365.jpg,186.jpg,456.jpg,95.jpg,445.jpg,7.jpg,290.jpg,149.jpg
483,5.jpg,119.jpg,287.jpg,379.jpg,27.jpg,147.jpg,360.jpg,437.jpg,343.jpg,286.jpg,8.jpg
484,50.jpg,410.jpg,80.jpg,122.jpg,342.jpg,386.jpg,251.jpg,483.jpg,442.jpg,259.jpg,167.jpg
485,51.jpg,336.jpg,274.jpg,422.jpg,155.jpg,154.jpg,235.jpg,373.jpg,238.jpg,413.jpg,159.jpg
486,52.jpg,411.jpg,51.jpg,327.jpg,155.jpg,377.jpg,99.jpg,157.jpg,338.jpg,137.jpg,274.jpg
487,53.jpg,137.jpg,243.jpg,183.jpg,102.jpg,98.jpg,173.jpg,427.jpg,224.jpg,184.jpg,336.jpg
488,54.jpg,362.jpg,439.jpg,56.jpg,434.jpg,261.jpg,149.jpg,422.jpg,14.jpg,13.jpg,238.jpg
489,55.jpg,258.jpg,409.jpg,428.jpg,204.jpg,342.jpg,251.jpg,186.jpg,129.jpg,123.jpg,279.jpg
490,56.jpg,99.jpg,54.jpg,362.jpg,34.jpg,207.jpg,439.jpg,174.jpg,434.jpg,51.jpg,108.jpg
491,57.jpg,419.jpg,155.jpg,168.jpg,157.jpg,377.jpg,327.jpg,137.jpg,446.jpg,118.jpg,158.jpg
492,58.jpg,379.jpg,27.jpg,382.jpg,28.jpg,7.jpg,335.jpg,8.jpg,3.jpg,118.jpg,218.jpg
493,59.jpg,202.jpg,44.jpg,204.jpg,254.jpg,29.jpg,138.jpg,486.jpg,55.jpg,129.jpg,148.jpg
494,6.jpg,104.jpg,271.jpg,190.jpg,3.jpg,8.jpg,272.jpg,24.jpg,273.jpg,123.jpg,427.jpg
495,60.jpg,325.jpg,251.jpg,24.jpg,186.jpg,193.jpg,342.jpg,428.jpg,86.jpg,475.jpg,34.jpg
496,61.jpg,266.jpg,434.jpg,346.jpg,215.jpg,13.jpg,62.jpg,267.jpg,310.jpg,26.jpg,309.jpg
497,62.jpg,26.jpg,267.jpg,13.jpg,463.jpg,434.jpg,209.jpg,61.jpg,462.jpg,261.jpg,346.jpg
498,63.jpg,155.jpg,413.jpg,137.jpg,51.jpg,338.jpg,336.jpg,327.jpg,348.jpg,324.jpg,238.jpg
499,64.jpg,314.jpg,432.jpg,349.jpg,216.jpg,249.jpg,69.jpg,135.jpg,499.jpg,260.jpg,71.jpg
