,0,1,2,3,4,5,6,7,8,9
0,0.jpg,391.jpg,86.jpg,431.jpg,44.jpg,17.jpg,264.jpg,23.jpg,33.jpg,9.jpg
1,1.jpg,149.jpg,201.jpg,281.jpg,105.jpg,209.jpg,489.jpg,475.jpg,222.jpg,343.jpg
2,10.jpg,23.jpg,86.jpg,17.jpg,30.jpg,15.jpg,299.jpg,301.jpg,297.jpg,24.jpg
3,100.jpg,156.jpg,239.jpg,376.jpg,372.jpg,29.jpg,404.jpg,237.jpg,276.jpg,215.jpg
4,101.jpg,482.jpg,225.jpg,216.jpg,235.jpg,294.jpg,251.jpg,423.jpg,409.jpg,273.jpg
5,102.jpg,168.jpg,230.jpg,251.jpg,235.jpg,128.jpg,7.jpg,186.jpg,8.jpg,3.jpg
6,103.jpg,372.jpg,239.jpg,215.jpg,174.jpg,210.jpg,104.jpg,160.jpg,240.jpg,341.jpg
7,104.jpg,210.jpg,461.jpg,341.jpg,437.jpg,339.jpg,27.jpg,28.jpg,372.jpg,352.jpg
8,105.jpg,397.jpg,281.jpg,222.jpg,489.jpg,201.jpg,343.jpg,197.jpg,117.jpg,475.jpg
9,106.jpg,182.jpg,183.jpg,109.jpg,89.jpg,479.jpg,426.jpg,416.jpg,64.jpg,302.jpg
10,107.jpg,32.jpg,68.jpg,108.jpg,87.jpg,291.jpg,233.jpg,414.jpg,265.jpg,73.jpg
11,108.jpg,32.jpg,107.jpg,73.jpg,68.jpg,455.jpg,291.jpg,54.jpg,87.jpg,123.jpg
12,109.jpg,486.jpg,12.jpg,182.jpg,22.jpg,426.jpg,140.jpg,120.jpg,280.jpg,46.jpg
13,11.jpg,287.jpg,225.jpg,335.jpg,436.jpg,8.jpg,3.jpg,7.jpg,44.jpg,137.jpg
14,110.jpg,252.jpg,253.jpg,185.jpg,225.jpg,463.jpg,184.jpg,235.jpg,426.jpg,67.jpg
15,111.jpg,371.jpg,363.jpg,86.jpg,471.jpg,373.jpg,122.jpg,342.jpg,449.jpg,23.jpg
16,112.jpg,188.jpg,202.jpg,231.jpg,322.jpg,20.jpg,483.jpg,366.jpg,204.jpg,427.jpg
17,113.jpg,499.jpg,426.jpg,120.jpg,140.jpg,345.jpg,498.jpg,486.jpg,487.jpg,46.jpg
18,114.jpg,218.jpg,210.jpg,104.jpg,276.jpg,341.jpg,254.jpg,376.jpg,339.jpg,375.jpg
19,115.jpg,335.jpg,184.jpg,185.jpg,7.jpg,3.jpg,8.jpg,225.jpg,251.jpg,419.jpg
20,116.jpg,117.jpg,283.jpg,81.jpg,342.jpg,344.jpg,292.jpg,343.jpg,201.jpg,149.jpg
21,117.jpg,201.jpg,116.jpg,105.jpg,343.jpg,149.jpg,283.jpg,387.jpg,94.jpg,397.jpg
22,118.jpg,119.jpg,286.jpg,11.jpg,437.jpg,173.jpg,139.jpg,257.jpg,7.jpg,137.jpg
23,119.jpg,118.jpg,147.jpg,437.jpg,380.jpg,37.jpg,375.jpg,238.jpg,376.jpg,104.jpg
24,12.jpg,151.jpg,146.jpg,486.jpg,42.jpg,487.jpg,496.jpg,97.jpg,120.jpg,175.jpg
25,120.jpg,140.jpg,487.jpg,486.jpg,176.jpg,138.jpg,175.jpg,221.jpg,146.jpg,133.jpg
26,121.jpg,5.jpg,362.jpg,87.jpg,352.jpg,147.jpg,17.jpg,0.jpg,287.jpg,295.jpg
27,122.jpg,81.jpg,86.jpg,23.jpg,297.jpg,471.jpg,136.jpg,111.jpg,391.jpg,15.jpg
28,123.jpg,202.jpg,190.jpg,415.jpg,373.jpg,483.jpg,454.jpg,446.jpg,291.jpg,258.jpg
29,124.jpg,497.jpg,333.jpg,0.jpg,5.jpg,125.jpg,239.jpg,241.jpg,33.jpg,289.jpg
30,125.jpg,343.jpg,388.jpg,33.jpg,344.jpg,397.jpg,117.jpg,111.jpg,492.jpg,371.jpg
31,126.jpg,196.jpg,239.jpg,122.jpg,156.jpg,5.jpg,285.jpg,136.jpg,111.jpg,471.jpg
32,127.jpg,129.jpg,128.jpg,303.jpg,173.jpg,186.jpg,169.jpg,225.jpg,335.jpg,273.jpg
33,128.jpg,129.jpg,127.jpg,186.jpg,303.jpg,335.jpg,173.jpg,8.jpg,7.jpg,3.jpg
34,129.jpg,127.jpg,128.jpg,303.jpg,186.jpg,173.jpg,169.jpg,273.jpg,90.jpg,335.jpg
35,13.jpg,14.jpg,156.jpg,372.jpg,363.jpg,210.jpg,404.jpg,160.jpg,337.jpg,33.jpg
36,130.jpg,136.jpg,226.jpg,17.jpg,363.jpg,207.jpg,60.jpg,23.jpg,240.jpg,44.jpg
37,131.jpg,193.jpg,1.jpg,211.jpg,149.jpg,201.jpg,40.jpg,473.jpg,343.jpg,373.jpg
38,132.jpg,496.jpg,498.jpg,176.jpg,8.jpg,7.jpg,22.jpg,3.jpg,175.jpg,21.jpg
39,133.jpg,221.jpg,176.jpg,175.jpg,487.jpg,140.jpg,120.jpg,486.jpg,146.jpg,138.jpg
40,134.jpg,414.jpg,270.jpg,50.jpg,231.jpg,71.jpg,123.jpg,314.jpg,216.jpg,72.jpg
41,135.jpg,477.jpg,403.jpg,59.jpg,83.jpg,427.jpg,406.jpg,283.jpg,288.jpg,407.jpg
42,136.jpg,17.jpg,471.jpg,23.jpg,391.jpg,81.jpg,362.jpg,122.jpg,297.jpg,189.jpg
43,137.jpg,7.jpg,8.jpg,3.jpg,27.jpg,128.jpg,185.jpg,235.jpg,184.jpg,335.jpg
44,138.jpg,486.jpg,175.jpg,487.jpg,140.jpg,120.jpg,176.jpg,146.jpg,164.jpg,133.jpg
45,139.jpg,143.jpg,303.jpg,169.jpg,159.jpg,186.jpg,144.jpg,379.jpg,173.jpg,489.jpg
46,14.jpg,363.jpg,160.jpg,289.jpg,239.jpg,495.jpg,13.jpg,255.jpg,226.jpg,309.jpg
47,140.jpg,120.jpg,487.jpg,486.jpg,176.jpg,138.jpg,175.jpg,221.jpg,146.jpg,133.jpg
48,141.jpg,485.jpg,187.jpg,486.jpg,340.jpg,120.jpg,487.jpg,140.jpg,330.jpg,385.jpg
49,142.jpg,151.jpg,417.jpg,491.jpg,37.jpg,386.jpg,176.jpg,120.jpg,487.jpg,496.jpg
50,143.jpg,144.jpg,186.jpg,139.jpg,303.jpg,335.jpg,7.jpg,8.jpg,3.jpg,184.jpg
51,144.jpg,143.jpg,186.jpg,303.jpg,139.jpg,7.jpg,8.jpg,3.jpg,335.jpg,159.jpg
52,145.jpg,91.jpg,252.jpg,335.jpg,278.jpg,115.jpg,185.jpg,364.jpg,426.jpg,110.jpg
53,146.jpg,12.jpg,496.jpg,175.jpg,487.jpg,486.jpg,151.jpg,138.jpg,120.jpg,140.jpg
54,147.jpg,148.jpg,52.jpg,44.jpg,449.jpg,38.jpg,90.jpg,15.jpg,17.jpg,409.jpg
55,148.jpg,147.jpg,52.jpg,90.jpg,94.jpg,411.jpg,38.jpg,258.jpg,86.jpg,473.jpg
56,149.jpg,209.jpg,1.jpg,397.jpg,281.jpg,343.jpg,105.jpg,201.jpg,117.jpg,222.jpg
57,15.jpg,44.jpg,17.jpg,24.jpg,86.jpg,264.jpg,456.jpg,256.jpg,471.jpg,454.jpg
58,150.jpg,219.jpg,353.jpg,383.jpg,199.jpg,474.jpg,200.jpg,386.jpg,57.jpg,187.jpg
59,151.jpg,12.jpg,146.jpg,496.jpg,176.jpg,120.jpg,487.jpg,181.jpg,140.jpg,96.jpg
60,152.jpg,374.jpg,496.jpg,183.jpg,413.jpg,21.jpg,499.jpg,416.jpg,199.jpg,277.jpg
61,153.jpg,436.jpg,197.jpg,344.jpg,40.jpg,17.jpg,94.jpg,105.jpg,44.jpg,281.jpg
62,154.jpg,450.jpg,33.jpg,449.jpg,471.jpg,268.jpg,5.jpg,264.jpg,122.jpg,444.jpg
63,155.jpg,451.jpg,66.jpg,375.jpg,159.jpg,284.jpg,376.jpg,287.jpg,251.jpg,238.jpg
64,156.jpg,256.jpg,239.jpg,363.jpg,372.jpg,404.jpg,264.jpg,449.jpg,393.jpg,100.jpg
65,157.jpg,159.jpg,162.jpg,436.jpg,163.jpg,410.jpg,147.jpg,173.jpg,375.jpg,67.jpg
66,158.jpg,204.jpg,190.jpg,55.jpg,427.jpg,258.jpg,188.jpg,202.jpg,471.jpg,58.jpg
67,159.jpg,173.jpg,169.jpg,139.jpg,364.jpg,157.jpg,174.jpg,143.jpg,144.jpg,303.jpg
68,16.jpg,271.jpg,173.jpg,184.jpg,95.jpg,273.jpg,335.jpg,185.jpg,137.jpg,419.jpg
69,160.jpg,239.jpg,363.jpg,412.jpg,226.jpg,372.jpg,341.jpg,339.jpg,104.jpg,240.jpg
70,161.jpg,414.jpg,249.jpg,207.jpg,373.jpg,233.jpg,59.jpg,270.jpg,202.jpg,454.jpg
71,162.jpg,163.jpg,157.jpg,286.jpg,365.jpg,173.jpg,272.jpg,482.jpg,67.jpg,159.jpg
72,163.jpg,162.jpg,173.jpg,128.jpg,127.jpg,157.jpg,335.jpg,326.jpg,129.jpg,480.jpg
73,164.jpg,175.jpg,176.jpg,486.jpg,335.jpg,138.jpg,487.jpg,426.jpg,496.jpg,120.jpg
74,165.jpg,166.jpg,389.jpg,388.jpg,75.jpg,406.jpg,342.jpg,117.jpg,222.jpg,197.jpg
75,166.jpg,165.jpg,389.jpg,388.jpg,406.jpg,75.jpg,117.jpg,342.jpg,222.jpg,387.jpg
76,167.jpg,411.jpg,55.jpg,449.jpg,157.jpg,258.jpg,366.jpg,148.jpg,71.jpg,373.jpg
77,168.jpg,163.jpg,375.jpg,230.jpg,102.jpg,376.jpg,174.jpg,464.jpg,157.jpg,215.jpg
78,169.jpg,173.jpg,159.jpg,139.jpg,129.jpg,127.jpg,410.jpg,303.jpg,128.jpg,364.jpg
79,17.jpg,24.jpg,23.jpg,44.jpg,15.jpg,136.jpg,197.jpg,86.jpg,153.jpg,256.jpg
80,170.jpg,239.jpg,241.jpg,363.jpg,160.jpg,171.jpg,375.jpg,376.jpg,264.jpg,412.jpg
81,171.jpg,254.jpg,375.jpg,239.jpg,341.jpg,339.jpg,256.jpg,147.jpg,5.jpg,449.jpg
82,172.jpg,174.jpg,336.jpg,429.jpg,428.jpg,159.jpg,375.jpg,376.jpg,65.jpg,464.jpg
83,173.jpg,169.jpg,159.jpg,303.jpg,335.jpg,129.jpg,127.jpg,128.jpg,139.jpg,364.jpg
84,174.jpg,159.jpg,429.jpg,464.jpg,428.jpg,471.jpg,251.jpg,437.jpg,155.jpg,172.jpg
85,175.jpg,164.jpg,176.jpg,486.jpg,138.jpg,487.jpg,140.jpg,120.jpg,146.jpg,133.jpg
86,176.jpg,175.jpg,120.jpg,140.jpg,487.jpg,221.jpg,486.jpg,164.jpg,133.jpg,138.jpg
87,177.jpg,178.jpg,376.jpg,357.jpg,375.jpg,372.jpg,460.jpg,339.jpg,346.jpg,341.jpg
88,178.jpg,177.jpg,179.jpg,394.jpg,373.jpg,469.jpg,11.jpg,68.jpg,477.jpg,56.jpg
89,179.jpg,469.jpg,178.jpg,397.jpg,209.jpg,214.jpg,471.jpg,406.jpg,394.jpg,403.jpg
90,18.jpg,238.jpg,333.jpg,389.jpg,20.jpg,166.jpg,447.jpg,84.jpg,75.jpg,165.jpg
91,180.jpg,181.jpg,151.jpg,12.jpg,97.jpg,42.jpg,496.jpg,146.jpg,98.jpg,96.jpg
92,181.jpg,180.jpg,151.jpg,97.jpg,146.jpg,98.jpg,12.jpg,496.jpg,477.jpg,96.jpg
93,182.jpg,183.jpg,45.jpg,205.jpg,206.jpg,106.jpg,260.jpg,109.jpg,220.jpg,46.jpg
94,183.jpg,182.jpg,206.jpg,205.jpg,340.jpg,260.jpg,152.jpg,106.jpg,417.jpg,109.jpg
95,184.jpg,185.jpg,335.jpg,419.jpg,225.jpg,3.jpg,8.jpg,7.jpg,115.jpg,251.jpg
96,185.jpg,184.jpg,335.jpg,225.jpg,419.jpg,3.jpg,480.jpg,8.jpg,251.jpg,7.jpg
97,186.jpg,143.jpg,303.jpg,144.jpg,335.jpg,128.jpg,129.jpg,8.jpg,7.jpg,3.jpg
98,187.jpg,3.jpg,487.jpg,8.jpg,176.jpg,7.jpg,194.jpg,120.jpg,419.jpg,140.jpg
99,188.jpg,20.jpg,202.jpg,204.jpg,483.jpg,112.jpg,153.jpg,427.jpg,471.jpg,56.jpg
100,189.jpg,292.jpg,105.jpg,23.jpg,397.jpg,197.jpg,281.jpg,471.jpg,24.jpg,17.jpg
101,19.jpg,417.jpg,496.jpg,262.jpg,480.jpg,89.jpg,96.jpg,491.jpg,313.jpg,238.jpg
102,190.jpg,204.jpg,415.jpg,123.jpg,427.jpg,202.jpg,465.jpg,455.jpg,59.jpg,470.jpg
103,191.jpg,89.jpg,85.jpg,109.jpg,417.jpg,416.jpg,374.jpg,282.jpg,106.jpg,196.jpg
104,192.jpg,347.jpg,374.jpg,31.jpg,443.jpg,401.jpg,385.jpg,191.jpg,458.jpg,109.jpg
105,193.jpg,131.jpg,211.jpg,197.jpg,40.jpg,60.jpg,489.jpg,344.jpg,214.jpg,222.jpg
106,194.jpg,499.jpg,496.jpg,151.jpg,187.jpg,498.jpg,176.jpg,487.jpg,416.jpg,280.jpg
107,195.jpg,358.jpg,360.jpg,343.jpg,279.jpg,342.jpg,344.jpg,196.jpg,359.jpg,116.jpg
108,196.jpg,111.jpg,342.jpg,344.jpg,448.jpg,126.jpg,431.jpg,363.jpg,436.jpg,162.jpg
109,197.jpg,258.jpg,471.jpg,371.jpg,436.jpg,105.jpg,469.jpg,60.jpg,86.jpg,344.jpg
110,198.jpg,22.jpg,45.jpg,187.jpg,498.jpg,79.jpg,109.jpg,499.jpg,479.jpg,220.jpg
111,199.jpg,200.jpg,79.jpg,498.jpg,459.jpg,499.jpg,496.jpg,187.jpg,37.jpg,474.jpg
112,2.jpg,96.jpg,98.jpg,417.jpg,151.jpg,12.jpg,19.jpg,97.jpg,486.jpg,262.jpg
113,20.jpg,188.jpg,427.jpg,202.jpg,56.jpg,59.jpg,123.jpg,483.jpg,231.jpg,373.jpg
114,200.jpg,199.jpg,79.jpg,474.jpg,498.jpg,37.jpg,152.jpg,219.jpg,313.jpg,459.jpg
115,201.jpg,117.jpg,343.jpg,105.jpg,1.jpg,149.jpg,359.jpg,388.jpg,431.jpg,281.jpg
116,202.jpg,204.jpg,231.jpg,59.jpg,188.jpg,50.jpg,371.jpg,197.jpg,431.jpg,414.jpg
117,203.jpg,253.jpg,252.jpg,419.jpg,162.jpg,118.jpg,235.jpg,173.jpg,364.jpg,225.jpg
118,204.jpg,202.jpg,469.jpg,371.jpg,409.jpg,188.jpg,55.jpg,197.jpg,190.jpg,258.jpg
119,205.jpg,206.jpg,182.jpg,46.jpg,499.jpg,183.jpg,417.jpg,416.jpg,361.jpg,22.jpg
120,206.jpg,205.jpg,183.jpg,182.jpg,46.jpg,417.jpg,22.jpg,443.jpg,280.jpg,441.jpg
121,207.jpg,454.jpg,214.jpg,363.jpg,226.jpg,240.jpg,38.jpg,130.jpg,411.jpg,148.jpg
122,208.jpg,115.jpg,162.jpg,11.jpg,238.jpg,67.jpg,289.jpg,157.jpg,338.jpg,225.jpg
123,209.jpg,281.jpg,149.jpg,397.jpg,105.jpg,1.jpg,56.jpg,54.jpg,81.jpg,456.jpg
124,21.jpg,22.jpg,496.jpg,459.jpg,416.jpg,426.jpg,417.jpg,278.jpg,146.jpg,499.jpg
125,210.jpg,104.jpg,339.jpg,341.jpg,461.jpg,372.jpg,27.jpg,352.jpg,28.jpg,375.jpg
126,211.jpg,489.jpg,344.jpg,105.jpg,39.jpg,60.jpg,193.jpg,343.jpg,222.jpg,475.jpg
127,212.jpg,213.jpg,33.jpg,214.jpg,457.jpg,111.jpg,86.jpg,363.jpg,60.jpg,197.jpg
128,213.jpg,212.jpg,33.jpg,391.jpg,86.jpg,0.jpg,242.jpg,122.jpg,264.jpg,5.jpg
129,214.jpg,469.jpg,373.jpg,267.jpg,90.jpg,456.jpg,411.jpg,60.jpg,431.jpg,86.jpg
130,215.jpg,103.jpg,104.jpg,405.jpg,239.jpg,210.jpg,372.jpg,341.jpg,156.jpg,412.jpg
131,216.jpg,406.jpg,211.jpg,344.jpg,116.jpg,136.jpg,319.jpg,179.jpg,469.jpg,473.jpg
132,217.jpg,225.jpg,491.jpg,287.jpg,232.jpg,335.jpg,235.jpg,104.jpg,461.jpg,9.jpg
133,218.jpg,422.jpg,480.jpg,429.jpg,437.jpg,235.jpg,284.jpg,251.jpg,41.jpg,461.jpg
134,219.jpg,313.jpg,199.jpg,45.jpg,401.jpg,200.jpg,458.jpg,383.jpg,385.jpg,353.jpg
135,22.jpg,21.jpg,459.jpg,499.jpg,426.jpg,280.jpg,417.jpg,496.jpg,146.jpg,175.jpg
136,220.jpg,182.jpg,109.jpg,401.jpg,441.jpg,187.jpg,132.jpg,22.jpg,183.jpg,417.jpg
137,221.jpg,133.jpg,176.jpg,487.jpg,120.jpg,140.jpg,486.jpg,175.jpg,146.jpg,12.jpg
138,222.jpg,397.jpg,105.jpg,342.jpg,360.jpg,489.jpg,371.jpg,149.jpg,344.jpg,197.jpg
139,223.jpg,417.jpg,180.jpg,2.jpg,413.jpg,432.jpg,367.jpg,89.jpg,426.jpg,496.jpg
140,224.jpg,243.jpg,417.jpg,22.jpg,53.jpg,46.jpg,194.jpg,433.jpg,120.jpg,140.jpg
141,225.jpg,235.jpg,335.jpg,185.jpg,184.jpg,251.jpg,7.jpg,3.jpg,8.jpg,127.jpg
142,226.jpg,17.jpg,240.jpg,130.jpg,375.jpg,241.jpg,363.jpg,372.jpg,239.jpg,268.jpg
143,227.jpg,419.jpg,185.jpg,377.jpg,127.jpg,235.jpg,3.jpg,8.jpg,129.jpg,251.jpg
144,228.jpg,229.jpg,233.jpg,38.jpg,5.jpg,207.jpg,14.jpg,296.jpg,332.jpg,68.jpg
145,229.jpg,234.jpg,73.jpg,308.jpg,228.jpg,68.jpg,294.jpg,87.jpg,32.jpg,495.jpg
146,23.jpg,86.jpg,297.jpg,10.jpg,30.jpg,24.jpg,17.jpg,299.jpg,90.jpg,391.jpg
147,230.jpg,405.jpg,375.jpg,168.jpg,251.jpg,102.jpg,242.jpg,174.jpg,276.jpg,372.jpg
148,231.jpg,202.jpg,483.jpg,50.jpg,59.jpg,204.jpg,188.jpg,427.jpg,83.jpg,446.jpg
149,232.jpg,276.jpg,217.jpg,335.jpg,251.jpg,264.jpg,480.jpg,376.jpg,3.jpg,8.jpg
150,233.jpg,38.jpg,93.jpg,296.jpg,373.jpg,87.jpg,448.jpg,24.jpg,258.jpg,363.jpg
151,234.jpg,229.jpg,73.jpg,308.jpg,32.jpg,68.jpg,405.jpg,294.jpg,107.jpg,108.jpg
152,235.jpg,225.jpg,251.jpg,335.jpg,3.jpg,8.jpg,7.jpg,185.jpg,137.jpg,184.jpg
153,236.jpg,251.jpg,196.jpg,89.jpg,162.jpg,482.jpg,333.jpg,175.jpg,238.jpg,41.jpg
154,237.jpg,239.jpg,100.jpg,404.jpg,375.jpg,215.jpg,63.jpg,376.jpg,168.jpg,434.jpg
155,238.jpg,451.jpg,452.jpg,375.jpg,376.jpg,155.jpg,89.jpg,239.jpg,289.jpg,268.jpg
156,239.jpg,256.jpg,372.jpg,375.jpg,451.jpg,264.jpg,363.jpg,254.jpg,289.jpg,255.jpg
157,24.jpg,86.jpg,17.jpg,23.jpg,297.jpg,15.jpg,471.jpg,431.jpg,60.jpg,256.jpg
158,240.jpg,226.jpg,247.jpg,478.jpg,372.jpg,160.jpg,207.jpg,147.jpg,241.jpg,15.jpg
159,241.jpg,248.jpg,226.jpg,239.jpg,375.jpg,170.jpg,240.jpg,372.jpg,412.jpg,376.jpg
160,242.jpg,225.jpg,251.jpg,213.jpg,235.jpg,482.jpg,212.jpg,417.jpg,333.jpg,230.jpg
161,243.jpg,224.jpg,417.jpg,53.jpg,22.jpg,46.jpg,433.jpg,194.jpg,85.jpg,45.jpg
162,244.jpg,156.jpg,215.jpg,412.jpg,363.jpg,239.jpg,376.jpg,238.jpg,495.jpg,89.jpg
163,245.jpg,89.jpg,96.jpg,19.jpg,85.jpg,313.jpg,282.jpg,97.jpg,417.jpg,168.jpg
164,246.jpg,239.jpg,375.jpg,215.jpg,276.jpg,238.jpg,156.jpg,376.jpg,100.jpg,254.jpg
165,247.jpg,240.jpg,363.jpg,393.jpg,341.jpg,372.jpg,156.jpg,339.jpg,352.jpg,239.jpg
166,248.jpg,241.jpg,215.jpg,240.jpg,239.jpg,412.jpg,210.jpg,247.jpg,438.jpg,104.jpg
167,249.jpg,454.jpg,391.jpg,373.jpg,411.jpg,250.jpg,314.jpg,240.jpg,161.jpg,24.jpg
168,25.jpg,300.jpg,61.jpg,353.jpg,152.jpg,112.jpg,312.jpg,26.jpg,311.jpg,441.jpg
169,250.jpg,249.jpg,38.jpg,233.jpg,171.jpg,231.jpg,216.jpg,391.jpg,247.jpg,111.jpg
170,251.jpg,3.jpg,8.jpg,7.jpg,335.jpg,235.jpg,41.jpg,225.jpg,429.jpg,185.jpg
171,252.jpg,253.jpg,377.jpg,185.jpg,110.jpg,419.jpg,482.jpg,184.jpg,203.jpg,364.jpg
172,253.jpg,252.jpg,364.jpg,185.jpg,67.jpg,377.jpg,482.jpg,184.jpg,419.jpg,66.jpg
173,254.jpg,239.jpg,264.jpg,256.jpg,372.jpg,171.jpg,276.jpg,5.jpg,375.jpg,437.jpg
174,255.jpg,256.jpg,363.jpg,17.jpg,264.jpg,24.jpg,86.jpg,239.jpg,297.jpg,15.jpg
175,256.jpg,255.jpg,264.jpg,363.jpg,15.jpg,24.jpg,17.jpg,239.jpg,471.jpg,449.jpg
176,257.jpg,286.jpg,118.jpg,272.jpg,11.jpg,167.jpg,225.jpg,67.jpg,284.jpg,159.jpg
177,258.jpg,58.jpg,86.jpg,90.jpg,431.jpg,197.jpg,409.jpg,267.jpg,436.jpg,469.jpg
178,259.jpg,258.jpg,90.jpg,431.jpg,55.jpg,469.jpg,93.jpg,373.jpg,24.jpg,58.jpg
179,26.jpg,301.jpg,299.jpg,30.jpg,10.jpg,23.jpg,393.jpg,363.jpg,62.jpg,179.jpg
180,260.jpg,182.jpg,183.jpg,45.jpg,152.jpg,485.jpg,109.jpg,22.jpg,46.jpg,21.jpg
181,261.jpg,23.jpg,122.jpg,111.jpg,116.jpg,296.jpg,297.jpg,86.jpg,342.jpg,471.jpg
182,262.jpg,19.jpg,417.jpg,480.jpg,98.jpg,96.jpg,2.jpg,89.jpg,481.jpg,184.jpg
183,263.jpg,125.jpg,389.jpg,166.jpg,388.jpg,165.jpg,387.jpg,366.jpg,167.jpg,408.jpg
184,264.jpg,256.jpg,266.jpg,15.jpg,363.jpg,375.jpg,346.jpg,471.jpg,86.jpg,17.jpg
185,265.jpg,414.jpg,59.jpg,291.jpg,454.jpg,123.jpg,373.jpg,90.jpg,88.jpg,483.jpg
186,266.jpg,264.jpg,363.jpg,310.jpg,160.jpg,495.jpg,255.jpg,295.jpg,285.jpg,156.jpg
187,267.jpg,469.jpg,90.jpg,258.jpg,58.jpg,214.jpg,456.jpg,431.jpg,86.jpg,373.jpg
188,268.jpg,449.jpg,450.jpg,264.jpg,154.jpg,238.jpg,226.jpg,471.jpg,391.jpg,375.jpg
189,269.jpg,242.jpg,264.jpg,251.jpg,212.jpg,464.jpg,312.jpg,378.jpg,381.jpg,254.jpg
190,27.jpg,28.jpg,8.jpg,7.jpg,3.jpg,44.jpg,335.jpg,104.jpg,137.jpg,341.jpg
191,270.jpg,202.jpg,231.jpg,188.jpg,20.jpg,134.jpg,83.jpg,50.jpg,59.jpg,414.jpg
192,271.jpg,273.jpg,272.jpg,67.jpg,258.jpg,129.jpg,90.jpg,225.jpg,127.jpg,159.jpg
193,272.jpg,271.jpg,273.jpg,162.jpg,251.jpg,8.jpg,163.jpg,225.jpg,3.jpg,7.jpg
194,273.jpg,271.jpg,90.jpg,272.jpg,258.jpg,129.jpg,225.jpg,127.jpg,86.jpg,159.jpg
195,274.jpg,480.jpg,235.jpg,225.jpg,251.jpg,155.jpg,7.jpg,185.jpg,3.jpg,338.jpg
196,275.jpg,276.jpg,335.jpg,251.jpg,480.jpg,429.jpg,10.jpg,451.jpg,104.jpg,23.jpg
197,276.jpg,275.jpg,375.jpg,372.jpg,376.jpg,451.jpg,239.jpg,264.jpg,429.jpg,363.jpg
198,277.jpg,146.jpg,496.jpg,499.jpg,417.jpg,175.jpg,22.jpg,426.jpg,459.jpg,486.jpg
199,278.jpg,335.jpg,185.jpg,426.jpg,164.jpg,22.jpg,459.jpg,186.jpg,184.jpg,53.jpg
200,279.jpg,358.jpg,283.jpg,117.jpg,116.jpg,389.jpg,371.jpg,197.jpg,471.jpg,360.jpg
201,28.jpg,27.jpg,8.jpg,7.jpg,3.jpg,44.jpg,104.jpg,357.jpg,335.jpg,341.jpg
202,280.jpg,426.jpg,499.jpg,22.jpg,335.jpg,496.jpg,164.jpg,498.jpg,486.jpg,416.jpg
203,281.jpg,209.jpg,105.jpg,149.jpg,397.jpg,343.jpg,1.jpg,344.jpg,388.jpg,153.jpg
204,282.jpg,347.jpg,245.jpg,85.jpg,432.jpg,89.jpg,417.jpg,313.jpg,96.jpg,223.jpg
205,283.jpg,116.jpg,342.jpg,344.jpg,343.jpg,359.jpg,360.jpg,117.jpg,75.jpg,371.jpg
206,284.jpg,286.jpg,287.jpg,155.jpg,159.jpg,162.jpg,326.jpg,238.jpg,218.jpg,461.jpg
207,285.jpg,495.jpg,363.jpg,295.jpg,5.jpg,296.jpg,68.jpg,32.jpg,266.jpg,209.jpg
208,286.jpg,284.jpg,287.jpg,162.jpg,159.jpg,157.jpg,173.jpg,11.jpg,235.jpg,461.jpg
209,287.jpg,284.jpg,286.jpg,335.jpg,11.jpg,155.jpg,251.jpg,326.jpg,328.jpg,3.jpg
210,288.jpg,427.jpg,59.jpg,291.jpg,20.jpg,470.jpg,446.jpg,214.jpg,265.jpg,83.jpg
211,289.jpg,5.jpg,239.jpg,452.jpg,51.jpg,238.jpg,363.jpg,451.jpg,324.jpg,449.jpg
212,29.jpg,376.jpg,438.jpg,372.jpg,375.jpg,327.jpg,63.jpg,104.jpg,27.jpg,100.jpg
213,290.jpg,335.jpg,499.jpg,435.jpg,120.jpg,140.jpg,498.jpg,496.jpg,487.jpg,416.jpg
214,291.jpg,265.jpg,50.jpg,123.jpg,446.jpg,483.jpg,204.jpg,202.jpg,32.jpg,414.jpg
215,292.jpg,189.jpg,116.jpg,342.jpg,344.jpg,39.jpg,105.jpg,343.jpg,281.jpg,149.jpg
216,293.jpg,421.jpg,465.jpg,446.jpg,323.jpg,427.jpg,209.jpg,291.jpg,233.jpg,55.jpg
217,294.jpg,81.jpg,86.jpg,23.jpg,450.jpg,297.jpg,264.jpg,122.jpg,17.jpg,225.jpg
218,295.jpg,296.jpg,86.jpg,373.jpg,448.jpg,5.jpg,431.jpg,457.jpg,17.jpg,33.jpg
219,296.jpg,295.jpg,86.jpg,363.jpg,457.jpg,421.jpg,373.jpg,38.jpg,17.jpg,391.jpg
220,297.jpg,86.jpg,23.jpg,471.jpg,24.jpg,197.jpg,122.jpg,17.jpg,258.jpg,411.jpg
221,298.jpg,13.jpg,76.jpg,412.jpg,75.jpg,64.jpg,89.jpg,69.jpg,156.jpg,444.jpg
222,299.jpg,30.jpg,23.jpg,26.jpg,301.jpg,86.jpg,105.jpg,44.jpg,10.jpg,24.jpg
223,3.jpg,8.jpg,7.jpg,251.jpg,335.jpg,419.jpg,27.jpg,28.jpg,137.jpg,186.jpg
224,30.jpg,299.jpg,23.jpg,105.jpg,86.jpg,26.jpg,44.jpg,10.jpg,301.jpg,24.jpg
225,300.jpg,25.jpg,367.jpg,312.jpg,374.jpg,132.jpg,443.jpg,441.jpg,21.jpg,112.jpg
226,301.jpg,26.jpg,299.jpg,30.jpg,10.jpg,23.jpg,86.jpg,454.jpg,373.jpg,24.jpg
227,302.jpg,374.jpg,413.jpg,35.jpg,458.jpg,64.jpg,401.jpg,79.jpg,109.jpg,459.jpg
228,303.jpg,186.jpg,139.jpg,127.jpg,129.jpg,143.jpg,173.jpg,128.jpg,144.jpg,169.jpg
229,304.jpg,318.jpg,315.jpg,320.jpg,402.jpg,321.jpg,312.jpg,468.jpg,307.jpg,290.jpg
230,305.jpg,406.jpg,8.jpg,7.jpg,3.jpg,321.jpg,403.jpg,320.jpg,251.jpg,328.jpg
231,306.jpg,321.jpg,320.jpg,312.jpg,311.jpg,70.jpg,305.jpg,313.jpg,459.jpg,96.jpg
232,307.jpg,402.jpg,312.jpg,304.jpg,466.jpg,400.jpg,311.jpg,64.jpg,316.jpg,413.jpg
233,308.jpg,234.jpg,229.jpg,73.jpg,68.jpg,32.jpg,392.jpg,294.jpg,213.jpg,393.jpg
234,309.jpg,310.jpg,319.jpg,226.jpg,363.jpg,457.jpg,15.jpg,295.jpg,255.jpg,296.jpg
235,31.jpg,22.jpg,353.jpg,426.jpg,331.jpg,192.jpg,187.jpg,347.jpg,459.jpg,416.jpg
236,310.jpg,309.jpg,319.jpg,15.jpg,239.jpg,471.jpg,255.jpg,266.jpg,454.jpg,363.jpg
237,311.jpg,313.jpg,312.jpg,321.jpg,466.jpg,307.jpg,306.jpg,402.jpg,132.jpg,468.jpg
238,312.jpg,311.jpg,402.jpg,304.jpg,467.jpg,466.jpg,306.jpg,307.jpg,400.jpg,321.jpg
239,313.jpg,311.jpg,416.jpg,417.jpg,19.jpg,496.jpg,96.jpg,221.jpg,459.jpg,97.jpg
240,314.jpg,249.jpg,83.jpg,414.jpg,59.jpg,134.jpg,477.jpg,202.jpg,291.jpg,465.jpg
241,315.jpg,318.jpg,304.jpg,320.jpg,321.jpg,8.jpg,3.jpg,345.jpg,7.jpg,419.jpg
242,316.jpg,9.jpg,232.jpg,321.jpg,19.jpg,238.jpg,96.jpg,417.jpg,151.jpg,433.jpg
243,317.jpg,82.jpg,276.jpg,254.jpg,239.jpg,372.jpg,156.jpg,126.jpg,495.jpg,285.jpg
244,318.jpg,315.jpg,304.jpg,186.jpg,320.jpg,278.jpg,468.jpg,8.jpg,7.jpg,3.jpg
245,319.jpg,309.jpg,310.jpg,15.jpg,406.jpg,216.jpg,397.jpg,296.jpg,33.jpg,209.jpg
246,32.jpg,68.jpg,73.jpg,108.jpg,107.jpg,291.jpg,285.jpg,87.jpg,211.jpg,233.jpg
247,320.jpg,321.jpg,304.jpg,315.jpg,151.jpg,468.jpg,8.jpg,41.jpg,96.jpg,3.jpg
248,321.jpg,320.jpg,496.jpg,315.jpg,151.jpg,304.jpg,41.jpg,306.jpg,468.jpg,176.jpg
249,322.jpg,469.jpg,456.jpg,323.jpg,90.jpg,454.jpg,473.jpg,371.jpg,489.jpg,411.jpg
250,323.jpg,469.jpg,322.jpg,267.jpg,411.jpg,406.jpg,475.jpg,387.jpg,371.jpg,90.jpg
251,324.jpg,17.jpg,289.jpg,362.jpg,297.jpg,24.jpg,391.jpg,471.jpg,137.jpg,23.jpg
252,325.jpg,258.jpg,94.jpg,88.jpg,391.jpg,95.jpg,90.jpg,409.jpg,469.jpg,411.jpg
253,326.jpg,335.jpg,173.jpg,7.jpg,3.jpg,8.jpg,251.jpg,287.jpg,163.jpg,429.jpg
254,327.jpg,376.jpg,451.jpg,375.jpg,29.jpg,452.jpg,63.jpg,163.jpg,328.jpg,238.jpg
255,328.jpg,287.jpg,162.jpg,326.jpg,238.jpg,376.jpg,286.jpg,284.jpg,335.jpg,163.jpg
256,329.jpg,5.jpg,167.jpg,482.jpg,444.jpg,445.jpg,218.jpg,254.jpg,461.jpg,44.jpg
257,33.jpg,86.jpg,344.jpg,371.jpg,450.jpg,362.jpg,397.jpg,471.jpg,197.jpg,391.jpg
258,330.jpg,331.jpg,340.jpg,194.jpg,432.jpg,141.jpg,378.jpg,386.jpg,485.jpg,46.jpg
259,331.jpg,330.jpg,340.jpg,302.jpg,196.jpg,413.jpg,187.jpg,490.jpg,342.jpg,374.jpg
260,332.jpg,431.jpg,421.jpg,196.jpg,233.jpg,296.jpg,5.jpg,259.jpg,448.jpg,162.jpg
261,333.jpg,344.jpg,146.jpg,397.jpg,436.jpg,56.jpg,153.jpg,222.jpg,281.jpg,54.jpg
262,334.jpg,496.jpg,89.jpg,480.jpg,53.jpg,417.jpg,390.jpg,416.jpg,146.jpg,459.jpg
263,335.jpg,3.jpg,8.jpg,7.jpg,184.jpg,185.jpg,251.jpg,186.jpg,143.jpg,225.jpg
264,336.jpg,238.jpg,172.jpg,251.jpg,326.jpg,174.jpg,286.jpg,287.jpg,437.jpg,104.jpg
265,337.jpg,450.jpg,154.jpg,56.jpg,449.jpg,471.jpg,268.jpg,156.jpg,33.jpg,338.jpg
266,338.jpg,159.jpg,67.jpg,66.jpg,273.jpg,162.jpg,382.jpg,357.jpg,174.jpg,271.jpg
267,339.jpg,341.jpg,210.jpg,104.jpg,27.jpg,437.jpg,28.jpg,372.jpg,461.jpg,405.jpg
268,34.jpg,86.jpg,391.jpg,258.jpg,60.jpg,471.jpg,90.jpg,23.jpg,456.jpg,431.jpg
269,340.jpg,46.jpg,183.jpg,182.jpg,401.jpg,386.jpg,498.jpg,109.jpg,205.jpg,426.jpg
270,341.jpg,339.jpg,210.jpg,104.jpg,27.jpg,437.jpg,28.jpg,372.jpg,461.jpg,405.jpg
271,342.jpg,344.jpg,343.jpg,283.jpg,359.jpg,360.jpg,222.jpg,116.jpg,292.jpg,197.jpg
272,343.jpg,344.jpg,359.jpg,342.jpg,360.jpg,201.jpg,475.jpg,105.jpg,58.jpg,431.jpg
273,344.jpg,343.jpg,342.jpg,359.jpg,431.jpg,258.jpg,197.jpg,283.jpg,116.jpg,105.jpg
274,345.jpg,315.jpg,113.jpg,22.jpg,432.jpg,2.jpg,151.jpg,417.jpg,194.jpg,262.jpg
275,346.jpg,264.jpg,372.jpg,15.jpg,136.jpg,471.jpg,81.jpg,27.jpg,17.jpg,256.jpg
276,347.jpg,282.jpg,85.jpg,89.jpg,302.jpg,79.jpg,374.jpg,459.jpg,313.jpg,401.jpg
277,348.jpg,352.jpg,495.jpg,266.jpg,156.jpg,93.jpg,317.jpg,256.jpg,363.jpg,17.jpg
278,349.jpg,105.jpg,90.jpg,148.jpg,207.jpg,38.jpg,23.jpg,240.jpg,359.jpg,397.jpg
279,35.jpg,79.jpg,487.jpg,486.jpg,140.jpg,120.jpg,498.jpg,176.jpg,302.jpg,37.jpg
280,350.jpg,2.jpg,347.jpg,417.jpg,351.jpg,498.jpg,85.jpg,89.jpg,496.jpg,142.jpg
281,351.jpg,194.jpg,74.jpg,280.jpg,142.jpg,498.jpg,386.jpg,46.jpg,426.jpg,361.jpg
282,352.jpg,17.jpg,104.jpg,210.jpg,27.jpg,147.jpg,370.jpg,24.jpg,86.jpg,437.jpg
283,353.jpg,416.jpg,312.jpg,194.jpg,219.jpg,426.jpg,25.jpg,381.jpg,150.jpg,187.jpg
284,354.jpg,356.jpg,461.jpg,428.jpg,104.jpg,174.jpg,357.jpg,380.jpg,210.jpg,27.jpg
285,355.jpg,27.jpg,144.jpg,28.jpg,461.jpg,356.jpg,357.jpg,104.jpg,380.jpg,81.jpg
286,356.jpg,27.jpg,357.jpg,28.jpg,354.jpg,37.jpg,104.jpg,461.jpg,355.jpg,382.jpg
287,357.jpg,437.jpg,28.jpg,8.jpg,7.jpg,3.jpg,27.jpg,37.jpg,9.jpg,105.jpg
288,358.jpg,195.jpg,279.jpg,344.jpg,342.jpg,343.jpg,360.jpg,359.jpg,283.jpg,371.jpg
289,359.jpg,343.jpg,360.jpg,344.jpg,387.jpg,388.jpg,105.jpg,342.jpg,493.jpg,39.jpg
290,36.jpg,465.jpg,415.jpg,93.jpg,38.jpg,59.jpg,233.jpg,414.jpg,427.jpg,265.jpg
291,360.jpg,359.jpg,343.jpg,371.jpg,342.jpg,344.jpg,222.jpg,283.jpg,197.jpg,105.jpg
292,361.jpg,426.jpg,416.jpg,280.jpg,459.jpg,22.jpg,21.jpg,205.jpg,499.jpg,206.jpg
293,362.jpg,105.jpg,471.jpg,197.jpg,136.jpg,17.jpg,344.jpg,397.jpg,86.jpg,297.jpg
294,363.jpg,256.jpg,264.jpg,111.jpg,255.jpg,449.jpg,93.jpg,239.jpg,296.jpg,450.jpg
295,364.jpg,159.jpg,173.jpg,143.jpg,169.jpg,419.jpg,235.jpg,253.jpg,186.jpg,335.jpg
296,365.jpg,366.jpg,162.jpg,454.jpg,335.jpg,373.jpg,411.jpg,445.jpg,238.jpg,53.jpg
297,366.jpg,365.jpg,411.jpg,373.jpg,335.jpg,471.jpg,454.jpg,456.jpg,436.jpg,369.jpg
298,367.jpg,442.jpg,416.jpg,441.jpg,426.jpg,417.jpg,496.jpg,443.jpg,182.jpg,183.jpg
299,368.jpg,68.jpg,116.jpg,454.jpg,373.jpg,283.jpg,216.jpg,131.jpg,153.jpg,296.jpg
300,369.jpg,366.jpg,454.jpg,15.jpg,184.jpg,456.jpg,373.jpg,185.jpg,297.jpg,235.jpg
301,37.jpg,8.jpg,335.jpg,3.jpg,7.jpg,357.jpg,251.jpg,27.jpg,143.jpg,9.jpg
302,370.jpg,352.jpg,93.jpg,17.jpg,452.jpg,363.jpg,449.jpg,450.jpg,324.jpg,295.jpg
303,371.jpg,197.jpg,456.jpg,469.jpg,373.jpg,454.jpg,360.jpg,471.jpg,431.jpg,409.jpg
304,372.jpg,375.jpg,239.jpg,210.jpg,346.jpg,264.jpg,276.jpg,17.jpg,341.jpg,15.jpg
305,373.jpg,454.jpg,456.jpg,411.jpg,431.jpg,371.jpg,258.jpg,90.jpg,489.jpg,214.jpg
306,374.jpg,413.jpg,302.jpg,152.jpg,89.jpg,79.jpg,85.jpg,12.jpg,221.jpg,64.jpg
307,375.jpg,376.jpg,63.jpg,451.jpg,372.jpg,452.jpg,276.jpg,264.jpg,239.jpg,238.jpg
308,376.jpg,375.jpg,63.jpg,451.jpg,327.jpg,264.jpg,452.jpg,239.jpg,276.jpg,372.jpg
309,377.jpg,482.jpg,253.jpg,252.jpg,162.jpg,364.jpg,274.jpg,185.jpg,227.jpg,225.jpg
310,378.jpg,381.jpg,176.jpg,485.jpg,386.jpg,269.jpg,330.jpg,3.jpg,356.jpg,312.jpg
311,379.jpg,382.jpg,139.jpg,143.jpg,159.jpg,144.jpg,105.jpg,303.jpg,67.jpg,286.jpg
312,38.jpg,148.jpg,147.jpg,214.jpg,454.jpg,90.jpg,373.jpg,233.jpg,296.jpg,86.jpg
313,380.jpg,119.jpg,382.jpg,104.jpg,461.jpg,355.jpg,5.jpg,37.jpg,460.jpg,157.jpg
314,381.jpg,378.jpg,312.jpg,35.jpg,353.jpg,176.jpg,340.jpg,302.jpg,152.jpg,374.jpg
315,382.jpg,379.jpg,225.jpg,235.jpg,7.jpg,3.jpg,8.jpg,139.jpg,338.jpg,335.jpg
316,383.jpg,79.jpg,187.jpg,386.jpg,219.jpg,194.jpg,419.jpg,401.jpg,37.jpg,280.jpg
317,384.jpg,363.jpg,484.jpg,264.jpg,346.jpg,239.jpg,15.jpg,256.jpg,266.jpg,17.jpg
318,385.jpg,487.jpg,120.jpg,140.jpg,187.jpg,474.jpg,486.jpg,79.jpg,401.jpg,498.jpg
319,386.jpg,176.jpg,120.jpg,140.jpg,498.jpg,487.jpg,142.jpg,151.jpg,496.jpg,426.jpg
320,387.jpg,388.jpg,359.jpg,105.jpg,343.jpg,201.jpg,117.jpg,222.jpg,406.jpg,360.jpg
321,388.jpg,387.jpg,359.jpg,105.jpg,201.jpg,281.jpg,343.jpg,397.jpg,406.jpg,222.jpg
322,389.jpg,166.jpg,165.jpg,75.jpg,117.jpg,342.jpg,222.jpg,283.jpg,76.jpg,279.jpg
323,39.jpg,105.jpg,359.jpg,343.jpg,292.jpg,344.jpg,360.jpg,493.jpg,40.jpg,211.jpg
324,390.jpg,433.jpg,42.jpg,496.jpg,417.jpg,486.jpg,175.jpg,138.jpg,321.jpg,19.jpg
325,391.jpg,431.jpg,86.jpg,456.jpg,258.jpg,90.jpg,471.jpg,344.jpg,23.jpg,34.jpg
326,392.jpg,393.jpg,394.jpg,111.jpg,178.jpg,296.jpg,81.jpg,455.jpg,477.jpg,399.jpg
327,393.jpg,392.jpg,111.jpg,363.jpg,399.jpg,156.jpg,247.jpg,212.jpg,449.jpg,296.jpg
328,394.jpg,86.jpg,258.jpg,60.jpg,197.jpg,471.jpg,431.jpg,344.jpg,267.jpg,33.jpg
329,395.jpg,232.jpg,396.jpg,417.jpg,496.jpg,176.jpg,217.jpg,433.jpg,164.jpg,491.jpg
330,396.jpg,395.jpg,109.jpg,315.jpg,19.jpg,321.jpg,441.jpg,191.jpg,100.jpg,46.jpg
331,397.jpg,105.jpg,222.jpg,209.jpg,149.jpg,281.jpg,344.jpg,456.jpg,343.jpg,359.jpg
332,398.jpg,308.jpg,444.jpg,294.jpg,229.jpg,234.jpg,405.jpg,425.jpg,341.jpg,32.jpg
333,399.jpg,406.jpg,283.jpg,55.jpg,387.jpg,33.jpg,393.jpg,75.jpg,342.jpg,388.jpg
334,4.jpg,317.jpg,495.jpg,229.jpg,234.jpg,246.jpg,412.jpg,32.jpg,254.jpg,73.jpg
335,40.jpg,60.jpg,436.jpg,94.jpg,153.jpg,411.jpg,95.jpg,197.jpg,39.jpg,431.jpg
336,400.jpg,180.jpg,466.jpg,315.jpg,312.jpg,496.jpg,181.jpg,321.jpg,468.jpg,307.jpg
337,401.jpg,340.jpg,302.jpg,385.jpg,79.jpg,220.jpg,485.jpg,413.jpg,386.jpg,2.jpg
338,402.jpg,304.jpg,312.jpg,307.jpg,468.jpg,401.jpg,64.jpg,311.jpg,467.jpg,400.jpg
339,403.jpg,86.jpg,90.jpg,44.jpg,30.jpg,52.jpg,456.jpg,299.jpg,147.jpg,258.jpg
340,404.jpg,156.jpg,372.jpg,104.jpg,380.jpg,336.jpg,276.jpg,100.jpg,341.jpg,103.jpg
341,405.jpg,104.jpg,341.jpg,210.jpg,339.jpg,352.jpg,437.jpg,27.jpg,230.jpg,215.jpg
342,406.jpg,407.jpg,408.jpg,343.jpg,359.jpg,469.jpg,149.jpg,387.jpg,397.jpg,75.jpg
343,407.jpg,408.jpg,406.jpg,388.jpg,387.jpg,319.jpg,84.jpg,397.jpg,76.jpg,323.jpg
344,408.jpg,407.jpg,406.jpg,388.jpg,387.jpg,397.jpg,323.jpg,76.jpg,84.jpg,125.jpg
345,409.jpg,258.jpg,411.jpg,86.jpg,410.jpg,90.jpg,371.jpg,55.jpg,469.jpg,197.jpg
346,41.jpg,335.jpg,251.jpg,3.jpg,8.jpg,7.jpg,127.jpg,86.jpg,429.jpg,480.jpg
347,410.jpg,409.jpg,411.jpg,169.jpg,94.jpg,173.jpg,258.jpg,455.jpg,431.jpg,40.jpg
348,411.jpg,454.jpg,373.jpg,90.jpg,409.jpg,94.jpg,258.jpg,86.jpg,489.jpg,431.jpg
349,412.jpg,160.jpg,241.jpg,104.jpg,154.jpg,210.jpg,215.jpg,438.jpg,254.jpg,103.jpg
350,413.jpg,496.jpg,89.jpg,417.jpg,374.jpg,85.jpg,98.jpg,487.jpg,19.jpg,221.jpg
351,414.jpg,415.jpg,59.jpg,265.jpg,202.jpg,373.jpg,446.jpg,123.jpg,90.jpg,161.jpg
352,415.jpg,414.jpg,190.jpg,123.jpg,446.jpg,202.jpg,427.jpg,455.jpg,371.jpg,291.jpg
353,416.jpg,499.jpg,426.jpg,496.jpg,459.jpg,53.jpg,498.jpg,175.jpg,335.jpg,417.jpg
354,417.jpg,496.jpg,96.jpg,151.jpg,175.jpg,53.jpg,498.jpg,97.jpg,19.jpg,486.jpg
355,418.jpg,419.jpg,464.jpg,157.jpg,174.jpg,482.jpg,411.jpg,364.jpg,8.jpg,3.jpg
356,419.jpg,3.jpg,8.jpg,7.jpg,335.jpg,184.jpg,185.jpg,186.jpg,143.jpg,137.jpg
357,42.jpg,12.jpg,175.jpg,151.jpg,146.jpg,41.jpg,138.jpg,486.jpg,180.jpg,390.jpg
358,420.jpg,196.jpg,11.jpg,287.jpg,286.jpg,162.jpg,33.jpg,405.jpg,284.jpg,155.jpg
359,421.jpg,431.jpg,296.jpg,58.jpg,258.jpg,55.jpg,86.jpg,457.jpg,471.jpg,5.jpg
360,422.jpg,218.jpg,451.jpg,155.jpg,104.jpg,287.jpg,480.jpg,375.jpg,369.jpg,239.jpg
361,423.jpg,486.jpg,120.jpg,140.jpg,335.jpg,487.jpg,3.jpg,419.jpg,8.jpg,184.jpg
362,424.jpg,226.jpg,363.jpg,93.jpg,239.jpg,268.jpg,372.jpg,276.jpg,376.jpg,256.jpg
363,425.jpg,422.jpg,168.jpg,230.jpg,237.jpg,317.jpg,244.jpg,155.jpg,63.jpg,375.jpg
364,426.jpg,280.jpg,22.jpg,335.jpg,416.jpg,164.jpg,459.jpg,184.jpg,496.jpg,499.jpg
365,427.jpg,20.jpg,83.jpg,202.jpg,288.jpg,188.jpg,204.jpg,56.jpg,190.jpg,446.jpg
366,428.jpg,429.jpg,174.jpg,276.jpg,27.jpg,8.jpg,3.jpg,464.jpg,335.jpg,7.jpg
367,429.jpg,7.jpg,251.jpg,8.jpg,3.jpg,428.jpg,28.jpg,27.jpg,335.jpg,17.jpg
368,43.jpg,484.jpg,353.jpg,317.jpg,380.jpg,13.jpg,232.jpg,355.jpg,237.jpg,76.jpg
369,430.jpg,196.jpg,484.jpg,195.jpg,126.jpg,89.jpg,344.jpg,75.jpg,434.jpg,420.jpg
370,431.jpg,436.jpg,258.jpg,86.jpg,373.jpg,344.jpg,94.jpg,471.jpg,391.jpg,90.jpg
371,432.jpg,89.jpg,417.jpg,96.jpg,413.jpg,85.jpg,97.jpg,345.jpg,183.jpg,19.jpg
372,433.jpg,496.jpg,390.jpg,417.jpg,426.jpg,146.jpg,435.jpg,96.jpg,53.jpg,278.jpg
373,434.jpg,239.jpg,238.jpg,56.jpg,457.jpg,471.jpg,333.jpg,363.jpg,310.jpg,212.jpg
374,435.jpg,433.jpg,290.jpg,496.jpg,278.jpg,459.jpg,280.jpg,485.jpg,426.jpg,19.jpg
375,436.jpg,431.jpg,258.jpg,94.jpg,197.jpg,40.jpg,411.jpg,471.jpg,153.jpg,373.jpg
376,437.jpg,104.jpg,461.jpg,357.jpg,341.jpg,339.jpg,438.jpg,27.jpg,7.jpg,3.jpg
377,438.jpg,437.jpg,104.jpg,376.jpg,29.jpg,375.jpg,461.jpg,412.jpg,254.jpg,210.jpg
378,439.jpg,197.jpg,456.jpg,90.jpg,411.jpg,105.jpg,360.jpg,359.jpg,469.jpg,55.jpg
379,44.jpg,15.jpg,17.jpg,105.jpg,27.jpg,90.jpg,153.jpg,28.jpg,431.jpg,86.jpg
380,440.jpg,434.jpg,265.jpg,448.jpg,319.jpg,309.jpg,59.jpg,207.jpg,288.jpg,149.jpg
381,441.jpg,416.jpg,367.jpg,459.jpg,206.jpg,205.jpg,496.jpg,175.jpg,417.jpg,498.jpg
382,442.jpg,367.jpg,417.jpg,19.jpg,441.jpg,278.jpg,496.jpg,426.jpg,183.jpg,164.jpg
383,443.jpg,206.jpg,205.jpg,416.jpg,367.jpg,441.jpg,182.jpg,183.jpg,21.jpg,152.jpg
384,444.jpg,154.jpg,445.jpg,363.jpg,256.jpg,119.jpg,254.jpg,147.jpg,55.jpg,422.jpg
385,445.jpg,449.jpg,411.jpg,365.jpg,159.jpg,454.jpg,409.jpg,366.jpg,137.jpg,147.jpg
386,446.jpg,411.jpg,373.jpg,414.jpg,415.jpg,427.jpg,454.jpg,483.jpg,123.jpg,410.jpg
387,447.jpg,446.jpg,204.jpg,410.jpg,411.jpg,94.jpg,366.jpg,473.jpg,1.jpg,123.jpg
388,448.jpg,111.jpg,363.jpg,295.jpg,122.jpg,15.jpg,196.jpg,292.jpg,197.jpg,75.jpg
389,449.jpg,450.jpg,371.jpg,471.jpg,86.jpg,455.jpg,454.jpg,373.jpg,90.jpg,147.jpg
390,45.jpg,182.jpg,22.jpg,280.jpg,46.jpg,183.jpg,260.jpg,499.jpg,205.jpg,459.jpg
391,450.jpg,449.jpg,371.jpg,86.jpg,471.jpg,456.jpg,90.jpg,373.jpg,431.jpg,258.jpg
392,451.jpg,452.jpg,375.jpg,376.jpg,63.jpg,238.jpg,239.jpg,155.jpg,276.jpg,480.jpg
393,452.jpg,451.jpg,375.jpg,238.jpg,289.jpg,376.jpg,239.jpg,63.jpg,155.jpg,370.jpg
394,453.jpg,239.jpg,452.jpg,103.jpg,332.jpg,372.jpg,165.jpg,478.jpg,424.jpg,166.jpg
395,454.jpg,373.jpg,411.jpg,456.jpg,371.jpg,90.jpg,431.jpg,473.jpg,455.jpg,86.jpg
396,455.jpg,371.jpg,411.jpg,454.jpg,373.jpg,449.jpg,55.jpg,469.jpg,409.jpg,431.jpg
397,456.jpg,373.jpg,90.jpg,489.jpg,454.jpg,371.jpg,86.jpg,391.jpg,411.jpg,469.jpg
398,457.jpg,86.jpg,258.jpg,431.jpg,296.jpg,55.jpg,436.jpg,373.jpg,344.jpg,411.jpg
399,458.jpg,459.jpg,416.jpg,302.jpg,35.jpg,42.jpg,205.jpg,441.jpg,374.jpg,390.jpg
400,459.jpg,22.jpg,458.jpg,426.jpg,146.jpg,416.jpg,21.jpg,496.jpg,278.jpg,335.jpg
401,46.jpg,22.jpg,485.jpg,205.jpg,498.jpg,45.jpg,499.jpg,340.jpg,206.jpg,280.jpg
402,460.jpg,461.jpg,437.jpg,104.jpg,429.jpg,341.jpg,339.jpg,357.jpg,27.jpg,28.jpg
403,461.jpg,104.jpg,437.jpg,210.jpg,460.jpg,27.jpg,341.jpg,339.jpg,28.jpg,352.jpg
404,462.jpg,207.jpg,324.jpg,289.jpg,268.jpg,449.jpg,51.jpg,160.jpg,370.jpg,68.jpg
405,463.jpg,3.jpg,464.jpg,7.jpg,8.jpg,104.jpg,357.jpg,336.jpg,287.jpg,335.jpg
406,464.jpg,335.jpg,185.jpg,3.jpg,174.jpg,8.jpg,159.jpg,7.jpg,184.jpg,251.jpg
407,465.jpg,190.jpg,427.jpg,455.jpg,296.jpg,421.jpg,415.jpg,83.jpg,373.jpg,36.jpg
408,466.jpg,467.jpg,468.jpg,180.jpg,181.jpg,312.jpg,400.jpg,311.jpg,307.jpg,496.jpg
409,467.jpg,468.jpg,466.jpg,312.jpg,180.jpg,181.jpg,498.jpg,321.jpg,2.jpg,499.jpg
410,468.jpg,467.jpg,466.jpg,321.jpg,320.jpg,181.jpg,180.jpg,499.jpg,304.jpg,496.jpg
411,469.jpg,267.jpg,371.jpg,90.jpg,214.jpg,258.jpg,197.jpg,323.jpg,409.jpg,411.jpg
412,47.jpg,251.jpg,264.jpg,363.jpg,457.jpg,159.jpg,235.jpg,397.jpg,337.jpg,68.jpg
413,470.jpg,190.jpg,427.jpg,288.jpg,158.jpg,20.jpg,465.jpg,123.jpg,55.jpg,231.jpg
414,471.jpg,197.jpg,86.jpg,258.jpg,431.jpg,371.jpg,436.jpg,411.jpg,297.jpg,344.jpg
415,472.jpg,70.jpg,300.jpg,312.jpg,109.jpg,441.jpg,306.jpg,407.jpg,74.jpg,408.jpg
416,473.jpg,454.jpg,90.jpg,469.jpg,431.jpg,94.jpg,60.jpg,258.jpg,343.jpg,397.jpg
417,474.jpg,487.jpg,120.jpg,140.jpg,176.jpg,496.jpg,426.jpg,498.jpg,187.jpg,486.jpg
418,475.jpg,489.jpg,343.jpg,105.jpg,359.jpg,90.jpg,58.jpg,95.jpg,94.jpg,201.jpg
419,476.jpg,305.jpg,27.jpg,429.jpg,9.jpg,28.jpg,264.jpg,15.jpg,471.jpg,360.jpg
420,477.jpg,406.jpg,469.jpg,62.jpg,267.jpg,181.jpg,146.jpg,178.jpg,116.jpg,283.jpg
421,478.jpg,240.jpg,147.jpg,148.jpg,411.jpg,24.jpg,15.jpg,375.jpg,238.jpg,268.jpg
422,479.jpg,413.jpg,416.jpg,79.jpg,417.jpg,109.jpg,89.jpg,182.jpg,496.jpg,21.jpg
423,48.jpg,204.jpg,271.jpg,273.jpg,202.jpg,50.jpg,80.jpg,188.jpg,158.jpg,423.jpg
424,480.jpg,185.jpg,335.jpg,137.jpg,184.jpg,235.jpg,251.jpg,27.jpg,41.jpg,225.jpg
425,481.jpg,480.jpg,185.jpg,184.jpg,335.jpg,225.jpg,139.jpg,11.jpg,491.jpg,426.jpg
426,482.jpg,225.jpg,101.jpg,273.jpg,271.jpg,162.jpg,335.jpg,185.jpg,137.jpg,235.jpg
427,483.jpg,231.jpg,188.jpg,95.jpg,40.jpg,202.jpg,94.jpg,123.jpg,153.jpg,446.jpg
428,484.jpg,384.jpg,368.jpg,126.jpg,81.jpg,393.jpg,448.jpg,317.jpg,430.jpg,76.jpg
429,485.jpg,46.jpg,499.jpg,22.jpg,498.jpg,459.jpg,496.jpg,21.jpg,426.jpg,142.jpg
430,486.jpg,487.jpg,120.jpg,140.jpg,138.jpg,175.jpg,176.jpg,12.jpg,221.jpg,146.jpg
431,487.jpg,486.jpg,120.jpg,140.jpg,176.jpg,175.jpg,138.jpg,221.jpg,146.jpg,133.jpg
432,488.jpg,89.jpg,85.jpg,223.jpg,413.jpg,313.jpg,152.jpg,496.jpg,212.jpg,178.jpg
433,489.jpg,456.jpg,90.jpg,475.jpg,105.jpg,411.jpg,373.jpg,197.jpg,222.jpg,258.jpg
434,49.jpg,480.jpg,185.jpg,335.jpg,53.jpg,365.jpg,416.jpg,278.jpg,163.jpg,417.jpg
435,490.jpg,194.jpg,187.jpg,22.jpg,499.jpg,426.jpg,184.jpg,143.jpg,280.jpg,186.jpg
436,491.jpg,335.jpg,496.jpg,185.jpg,184.jpg,251.jpg,217.jpg,146.jpg,19.jpg,8.jpg
437,492.jpg,493.jpg,117.jpg,359.jpg,105.jpg,39.jpg,342.jpg,344.jpg,343.jpg,76.jpg
438,493.jpg,359.jpg,343.jpg,105.jpg,344.jpg,492.jpg,39.jpg,342.jpg,387.jpg,360.jpg
439,494.jpg,426.jpg,498.jpg,499.jpg,22.jpg,419.jpg,278.jpg,280.jpg,186.jpg,143.jpg
440,495.jpg,285.jpg,363.jpg,266.jpg,296.jpg,239.jpg,255.jpg,14.jpg,160.jpg,93.jpg
441,496.jpg,146.jpg,499.jpg,498.jpg,175.jpg,417.jpg,151.jpg,12.jpg,176.jpg,486.jpg
442,497.jpg,124.jpg,lib/python3.8/site-packages/ipywidgets/widgets/tests/data/jupyter-logo-transparent.png,236.jpg,333.jpg,lib/python3.8/site-packages/notebook/static/components/jquery-ui/themes/smoothness/images/ui-icons_cd0a0a_256x240.png,lib/python3.8/site-packages/notebook/static/components/jquery-ui/themes/smoothness/images/ui-bg_glass_95_fef1ec_1x400.png,261.jpg,lib/python3.8/site-packages/notebook/static/components/jquery-ui/themes/smoothness/images/ui-bg_glass_75_dadada_1x400.png,lib/python3.8/site-packages/notebook/static/components/jquery-ui/themes/smoothness/images/ui-bg_glass_75_e6e6e6_1x400.png
443,498.jpg,499.jpg,496.jpg,176.jpg,487.jpg,175.jpg,417.jpg,120.jpg,140.jpg,426.jpg
444,499.jpg,498.jpg,496.jpg,175.jpg,22.jpg,280.jpg,416.jpg,176.jpg,426.jpg,164.jpg
445,5.jpg,17.jpg,431.jpg,289.jpg,436.jpg,87.jpg,86.jpg,147.jpg,148.jpg,44.jpg
446,50.jpg,202.jpg,483.jpg,291.jpg,231.jpg,204.jpg,197.jpg,56.jpg,71.jpg,52.jpg
447,51.jpg,289.jpg,5.jpg,238.jpg,268.jpg,310.jpg,457.jpg,324.jpg,154.jpg,296.jpg
448,52.jpg,148.jpg,147.jpg,90.jpg,411.jpg,54.jpg,436.jpg,214.jpg,431.jpg,258.jpg
449,53.jpg,175.jpg,496.jpg,417.jpg,335.jpg,499.jpg,146.jpg,416.jpg,164.jpg,480.jpg
450,54.jpg,56.jpg,258.jpg,58.jpg,489.jpg,105.jpg,197.jpg,343.jpg,209.jpg,373.jpg
451,55.jpg,258.jpg,409.jpg,86.jpg,371.jpg,411.jpg,373.jpg,56.jpg,197.jpg,431.jpg
452,56.jpg,54.jpg,55.jpg,197.jpg,95.jpg,258.jpg,105.jpg,473.jpg,471.jpg,343.jpg
453,57.jpg,150.jpg,353.jpg,276.jpg,428.jpg,355.jpg,418.jpg,337.jpg,331.jpg,237.jpg
454,58.jpg,258.jpg,343.jpg,90.jpg,267.jpg,359.jpg,54.jpg,475.jpg,86.jpg,105.jpg
455,59.jpg,202.jpg,414.jpg,431.jpg,265.jpg,436.jpg,83.jpg,427.jpg,231.jpg,373.jpg
456,6.jpg,225.jpg,184.jpg,185.jpg,482.jpg,235.jpg,405.jpg,382.jpg,335.jpg,377.jpg
457,60.jpg,197.jpg,40.jpg,258.jpg,471.jpg,214.jpg,409.jpg,86.jpg,473.jpg,431.jpg
458,61.jpg,25.jpg,383.jpg,187.jpg,112.jpg,304.jpg,402.jpg,151.jpg,115.jpg,132.jpg
459,62.jpg,267.jpg,371.jpg,111.jpg,406.jpg,469.jpg,86.jpg,477.jpg,373.jpg,455.jpg
460,63.jpg,375.jpg,376.jpg,451.jpg,239.jpg,452.jpg,372.jpg,155.jpg,238.jpg,29.jpg
461,64.jpg,302.jpg,498.jpg,109.jpg,374.jpg,183.jpg,340.jpg,312.jpg,307.jpg,402.jpg
462,65.jpg,67.jpg,66.jpg,449.jpg,137.jpg,162.jpg,437.jpg,289.jpg,159.jpg,431.jpg
463,66.jpg,67.jpg,155.jpg,159.jpg,338.jpg,65.jpg,162.jpg,173.jpg,157.jpg,364.jpg
464,67.jpg,66.jpg,271.jpg,431.jpg,273.jpg,436.jpg,338.jpg,373.jpg,173.jpg,162.jpg
465,68.jpg,73.jpg,32.jpg,87.jpg,107.jpg,38.jpg,5.jpg,178.jpg,368.jpg,209.jpg
466,69.jpg,75.jpg,251.jpg,65.jpg,471.jpg,174.jpg,197.jpg,76.jpg,189.jpg,55.jpg
467,7.jpg,8.jpg,3.jpg,251.jpg,335.jpg,419.jpg,27.jpg,28.jpg,137.jpg,186.jpg
468,70.jpg,74.jpg,312.jpg,306.jpg,152.jpg,64.jpg,321.jpg,472.jpg,407.jpg,408.jpg
469,71.jpg,72.jpg,95.jpg,411.jpg,90.jpg,148.jpg,456.jpg,489.jpg,343.jpg,94.jpg
470,72.jpg,71.jpg,95.jpg,343.jpg,90.jpg,411.jpg,58.jpg,359.jpg,489.jpg,387.jpg
471,73.jpg,68.jpg,229.jpg,234.jpg,32.jpg,308.jpg,108.jpg,5.jpg,87.jpg,107.jpg
472,74.jpg,70.jpg,152.jpg,458.jpg,441.jpg,64.jpg,351.jpg,353.jpg,194.jpg,459.jpg
473,75.jpg,76.jpg,406.jpg,344.jpg,342.jpg,283.jpg,40.jpg,343.jpg,436.jpg,222.jpg
474,76.jpg,75.jpg,342.jpg,360.jpg,359.jpg,343.jpg,344.jpg,406.jpg,283.jpg,388.jpg
475,77.jpg,12.jpg,498.jpg,2.jpg,97.jpg,98.jpg,96.jpg,106.jpg,332.jpg,488.jpg
476,78.jpg,55.jpg,323.jpg,456.jpg,322.jpg,454.jpg,371.jpg,469.jpg,373.jpg,24.jpg
477,79.jpg,35.jpg,496.jpg,498.jpg,199.jpg,487.jpg,12.jpg,486.jpg,120.jpg,151.jpg
478,8.jpg,3.jpg,7.jpg,251.jpg,335.jpg,419.jpg,28.jpg,27.jpg,137.jpg,186.jpg
479,80.jpg,48.jpg,482.jpg,50.jpg,204.jpg,231.jpg,185.jpg,101.jpg,235.jpg,364.jpg
480,81.jpg,122.jpg,116.jpg,86.jpg,105.jpg,23.jpg,136.jpg,397.jpg,471.jpg,281.jpg
481,82.jpg,317.jpg,33.jpg,5.jpg,87.jpg,254.jpg,0.jpg,13.jpg,86.jpg,156.jpg
482,83.jpg,427.jpg,202.jpg,59.jpg,371.jpg,231.jpg,190.jpg,446.jpg,291.jpg,473.jpg
483,84.jpg,407.jpg,406.jpg,469.jpg,471.jpg,408.jpg,411.jpg,214.jpg,179.jpg,371.jpg
484,85.jpg,89.jpg,417.jpg,413.jpg,96.jpg,496.jpg,97.jpg,432.jpg,251.jpg,22.jpg
485,86.jpg,90.jpg,258.jpg,23.jpg,431.jpg,24.jpg,471.jpg,297.jpg,409.jpg,391.jpg
486,87.jpg,5.jpg,373.jpg,454.jpg,201.jpg,90.jpg,431.jpg,148.jpg,436.jpg,68.jpg
487,88.jpg,258.jpg,344.jpg,343.jpg,325.jpg,409.jpg,94.jpg,411.jpg,153.jpg,431.jpg
488,89.jpg,85.jpg,238.jpg,496.jpg,19.jpg,245.jpg,413.jpg,417.jpg,151.jpg,432.jpg
489,9.jpg,251.jpg,7.jpg,8.jpg,28.jpg,3.jpg,27.jpg,357.jpg,264.jpg,335.jpg
490,90.jpg,86.jpg,258.jpg,456.jpg,411.jpg,267.jpg,489.jpg,469.jpg,409.jpg,373.jpg
491,91.jpg,145.jpg,364.jpg,49.jpg,411.jpg,418.jpg,185.jpg,270.jpg,252.jpg,279.jpg
492,92.jpg,433.jpg,53.jpg,496.jpg,426.jpg,366.jpg,280.jpg,499.jpg,185.jpg,335.jpg
493,93.jpg,363.jpg,111.jpg,259.jpg,239.jpg,256.jpg,233.jpg,38.jpg,370.jpg,24.jpg
494,94.jpg,95.jpg,436.jpg,258.jpg,411.jpg,431.jpg,40.jpg,325.jpg,473.jpg,90.jpg
495,95.jpg,94.jpg,40.jpg,475.jpg,258.jpg,90.jpg,60.jpg,325.jpg,411.jpg,409.jpg
496,96.jpg,97.jpg,98.jpg,417.jpg,151.jpg,12.jpg,496.jpg,2.jpg,181.jpg,19.jpg
497,97.jpg,96.jpg,98.jpg,12.jpg,151.jpg,181.jpg,417.jpg,496.jpg,180.jpg,146.jpg
498,98.jpg,96.jpg,97.jpg,487.jpg,486.jpg,181.jpg,12.jpg,140.jpg,417.jpg,120.jpg
499,99.jpg,71.jpg,414.jpg,50.jpg,291.jpg,373.jpg,72.jpg,55.jpg,167.jpg,122.jpg
500,lib/python3.8/site-packages/IPython/core/tests/2x2.png,lib/python3.8/site-packages/IPython/core/tests/2x2.jpg,lib/python3.8/site-packages/notebook/static/components/jquery-ui/themes/smoothness/images/ui-icons_888888_256x240.png,lib/python3.8/site-packages/notebook/static/components/jquery-ui/themes/smoothness/images/ui-icons_454545_256x240.png,lib/python3.8/site-packages/notebook/static/components/jquery-ui/themes/smoothness/images/ui-icons_222222_256x240.png,lib/python3.8/site-packages/notebook/static/components/jquery-ui/themes/smoothness/images/ui-icons_2e83ff_256x240.png,lib/python3.8/site-packages/notebook/static/components/jquery-ui/themes/smoothness/images/ui-bg_glass_55_fbf9ee_1x400.png,lib/python3.8/site-packages/notebook/static/components/jquery-ui/themes/smoothness/images/ui-bg_highlight-soft_75_cccccc_1x100.png,lib/python3.8/site-packages/notebook/static/components/jquery-ui/themes/smoothness/images/ui-bg_glass_75_dadada_1x400.png,lib/python3.8/site-packages/notebook/static/components/jquery-ui/themes/smoothness/images/ui-bg_glass_65_ffffff_1x400.png
501,lib/python3.8/site-packages/IPython/core/tests/2x2.png,lib/python3.8/site-packages/IPython/core/tests/2x2.jpg,lib/python3.8/site-packages/notebook/static/components/jquery-ui/themes/smoothness/images/ui-icons_888888_256x240.png,lib/python3.8/site-packages/notebook/static/components/jquery-ui/themes/smoothness/images/ui-icons_454545_256x240.png,lib/python3.8/site-packages/notebook/static/components/jquery-ui/themes/smoothness/images/ui-icons_222222_256x240.png,lib/python3.8/site-packages/notebook/static/components/jquery-ui/themes/smoothness/images/ui-icons_2e83ff_256x240.png,lib/python3.8/site-packages/notebook/static/components/jquery-ui/themes/smoothness/images/ui-bg_glass_55_fbf9ee_1x400.png,lib/python3.8/site-packages/notebook/static/components/jquery-ui/themes/smoothness/images/ui-bg_highlight-soft_75_cccccc_1x100.png,lib/python3.8/site-packages/notebook/static/components/jquery-ui/themes/smoothness/images/ui-bg_glass_75_dadada_1x400.png,lib/python3.8/site-packages/notebook/static/components/jquery-ui/themes/smoothness/images/ui-bg_glass_65_ffffff_1x400.png
502,share/jupyter/kernels/python3/logo-32x32.png,lib/python3.8/site-packages/ipykernel/resources/logo-32x32.png,lib/python3.8/site-packages/ipykernel/resources/logo-64x64.png,share/jupyter/kernels/python3/logo-64x64.png,lib/python3.8/site-packages/ipywidgets/widgets/tests/data/jupyter-logo-transparent.png,lib/python3.8/site-packages/notebook/static/base/images/logo.png,lib/python3.8/site-packages/notebook/static/components/jquery-ui/themes/smoothness/images/ui-icons_cd0a0a_256x240.png,lib/python3.8/site-packages/notebook/static/components/jquery-ui/themes/smoothness/images/ui-icons_222222_256x240.png,lib/python3.8/site-packages/nbconvert/tests/files/testimage.png,lib/python3.8/site-packages/nbclient/tests/files/python.png
503,lib/python3.8/site-packages/ipykernel/resources/logo-64x64.png,share/jupyter/kernels/python3/logo-64x64.png,lib/python3.8/site-packages/ipykernel/resources/logo-32x32.png,share/jupyter/kernels/python3/logo-32x32.png,lib/python3.8/site-packages/ipywidgets/widgets/tests/data/jupyter-logo-transparent.png,lib/python3.8/site-packages/nbclient/tests/files/python.png,lib/python3.8/site-packages/notebook/static/base/images/logo.png,lib/python3.8/site-packages/nbconvert/tests/files/testimage.png,133.jpg,42.jpg
504,lib/python3.8/site-packages/ipywidgets/widgets/tests/data/jupyter-logo-transparent.png,share/jupyter/kernels/python3/logo-64x64.png,lib/python3.8/site-packages/ipykernel/resources/logo-64x64.png,lib/python3.8/site-packages/ipykernel/resources/logo-32x32.png,share/jupyter/kernels/python3/logo-32x32.png,lib/python3.8/site-packages/notebook/static/components/jquery-ui/themes/smoothness/images/ui-icons_cd0a0a_256x240.png,lib/python3.8/site-packages/notebook/static/base/images/logo.png,lib/python3.8/site-packages/notebook/static/components/jquery-ui/themes/smoothness/images/ui-icons_222222_256x240.png,497.jpg,lib/python3.8/site-packages/nbclient/tests/files/python.png
505,lib/python3.8/site-packages/nbclient/tests/files/python.png,lib/python3.8/site-packages/notebook/static/components/jquery-ui/themes/smoothness/images/ui-bg_glass_55_fbf9ee_1x400.png,lib/python3.8/site-packages/notebook/static/components/jquery-ui/themes/smoothness/images/ui-bg_glass_95_fef1ec_1x400.png,lib/python3.8/site-packages/ipykernel/resources/logo-64x64.png,share/jupyter/kernels/python3/logo-64x64.png,lib/python3.8/site-packages/notebook/static/base/images/logo.png,lib/python3.8/site-packages/notebook/static/components/jquery-ui/themes/smoothness/images/ui-bg_glass_75_e6e6e6_1x400.png,lib/python3.8/site-packages/notebook/static/components/jquery-ui/themes/smoothness/images/ui-bg_glass_65_ffffff_1x400.png,lib/python3.8/site-packages/notebook/static/components/jquery-ui/themes/smoothness/images/ui-bg_highlight-soft_75_cccccc_1x100.png,lib/python3.8/site-packages/notebook/static/components/jquery-ui/themes/smoothness/images/ui-bg_glass_75_dadada_1x400.png
506,lib/python3.8/site-packages/nbconvert/tests/files/containerized_deployments.jpeg,392.jpg,221.jpg,393.jpg,133.jpg,180.jpg,308.jpg,368.jpg,477.jpg,146.jpg
507,lib/python3.8/site-packages/nbconvert/tests/files/testimage.png,lib/python3.8/site-packages/notebook/static/components/jquery-ui/themes/smoothness/images/ui-bg_glass_95_fef1ec_1x400.png,lib/python3.8/site-packages/notebook/static/components/jquery-ui/themes/smoothness/images/ui-bg_glass_55_fbf9ee_1x400.png,lib/python3.8/site-packages/notebook/static/components/jquery-ui/themes/smoothness/images/ui-bg_highlight-soft_75_cccccc_1x100.png,lib/python3.8/site-packages/notebook/static/components/jquery-ui/themes/smoothness/images/ui-bg_glass_75_e6e6e6_1x400.png,lib/python3.8/site-packages/notebook/static/components/jquery-ui/themes/smoothness/images/ui-bg_glass_65_ffffff_1x400.png,lib/python3.8/site-packages/notebook/static/components/jquery-ui/themes/smoothness/images/ui-bg_glass_75_dadada_1x400.png,lib/python3.8/site-packages/notebook/static/components/jquery-ui/themes/smoothness/images/ui-icons_cd0a0a_256x240.png,lib/python3.8/site-packages/notebook/static/components/jquery-ui/themes/smoothness/images/ui-icons_2e83ff_256x240.png,lib/python3.8/site-packages/notebook/static/components/jquery-ui/themes/smoothness/images/ui-icons_454545_256x240.png
508,lib/python3.8/site-packages/notebook/static/base/images/logo.png,lib/python3.8/site-packages/ipywidgets/widgets/tests/data/jupyter-logo-transparent.png,lib/python3.8/site-packages/nbclient/tests/files/python.png,share/jupyter/kernels/python3/logo-64x64.png,lib/python3.8/site-packages/ipykernel/resources/logo-64x64.png,180.jpg,lib/python3.8/site-packages/ipykernel/resources/logo-32x32.png,share/jupyter/kernels/python3/logo-32x32.png,181.jpg,lib/python3.8/site-packages/notebook/static/components/jquery-ui/themes/smoothness/images/ui-icons_222222_256x240.png
509,lib/python3.8/site-packages/notebook/static/components/jquery-ui/themes/smoothness/images/ui-bg_glass_55_fbf9ee_1x400.png,lib/python3.8/site-packages/notebook/static/components/jquery-ui/themes/smoothness/images/ui-bg_glass_65_ffffff_1x400.png,lib/python3.8/site-packages/notebook/static/components/jquery-ui/themes/smoothness/images/ui-bg_glass_75_dadada_1x400.png,lib/python3.8/site-packages/notebook/static/components/jquery-ui/themes/smoothness/images/ui-bg_highlight-soft_75_cccccc_1x100.png,lib/python3.8/site-packages/notebook/static/components/jquery-ui/themes/smoothness/images/ui-bg_glass_75_e6e6e6_1x400.png,lib/python3.8/site-packages/notebook/static/components/jquery-ui/themes/smoothness/images/ui-bg_glass_95_fef1ec_1x400.png,lib/python3.8/site-packages/notebook/static/components/jquery-ui/themes/smoothness/images/ui-icons_cd0a0a_256x240.png,lib/python3.8/site-packages/notebook/static/components/jquery-ui/themes/smoothness/images/ui-icons_888888_256x240.png,lib/python3.8/site-packages/IPython/core/tests/2x2.png,lib/python3.8/site-packages/IPython/core/tests/2x2.jpg
510,lib/python3.8/site-packages/notebook/static/components/jquery-ui/themes/smoothness/images/ui-bg_highlight-soft_75_cccccc_1x100.png,lib/python3.8/site-packages/notebook/static/components/jquery-ui/themes/smoothness/images/ui-bg_glass_75_dadada_1x400.png,lib/python3.8/site-packages/notebook/static/components/jquery-ui/themes/smoothness/images/ui-bg_glass_75_e6e6e6_1x400.png,lib/python3.8/site-packages/notebook/static/components/jquery-ui/themes/smoothness/images/ui-bg_glass_65_ffffff_1x400.png,lib/python3.8/site-packages/notebook/static/components/jquery-ui/themes/smoothness/images/ui-bg_glass_55_fbf9ee_1x400.png,lib/python3.8/site-packages/notebook/static/components/jquery-ui/themes/smoothness/images/ui-bg_glass_95_fef1ec_1x400.png,lib/python3.8/site-packages/notebook/static/components/jquery-ui/themes/smoothness/images/ui-icons_cd0a0a_256x240.png,lib/python3.8/site-packages/notebook/static/components/jquery-ui/themes/smoothness/images/ui-icons_888888_256x240.png,lib/python3.8/site-packages/notebook/static/components/jquery-ui/themes/smoothness/images/ui-icons_2e83ff_256x240.png,lib/python3.8/site-packages/notebook/static/components/jquery-ui/themes/smoothness/images/ui-icons_454545_256x240.png
511,lib/python3.8/site-packages/notebook/static/components/jquery-ui/themes/smoothness/images/ui-bg_highlight-soft_75_cccccc_1x100.png,lib/python3.8/site-packages/notebook/static/components/jquery-ui/themes/smoothness/images/ui-bg_glass_75_dadada_1x400.png,lib/python3.8/site-packages/notebook/static/components/jquery-ui/themes/smoothness/images/ui-bg_glass_75_e6e6e6_1x400.png,lib/python3.8/site-packages/notebook/static/components/jquery-ui/themes/smoothness/images/ui-bg_glass_65_ffffff_1x400.png,lib/python3.8/site-packages/notebook/static/components/jquery-ui/themes/smoothness/images/ui-bg_glass_55_fbf9ee_1x400.png,lib/python3.8/site-packages/notebook/static/components/jquery-ui/themes/smoothness/images/ui-bg_glass_95_fef1ec_1x400.png,lib/python3.8/site-packages/notebook/static/components/jquery-ui/themes/smoothness/images/ui-icons_cd0a0a_256x240.png,lib/python3.8/site-packages/notebook/static/components/jquery-ui/themes/smoothness/images/ui-icons_888888_256x240.png,lib/python3.8/site-packages/notebook/static/components/jquery-ui/themes/smoothness/images/ui-icons_2e83ff_256x240.png,lib/python3.8/site-packages/notebook/static/components/jquery-ui/themes/smoothness/images/ui-icons_454545_256x240.png
512,lib/python3.8/site-packages/notebook/static/components/jquery-ui/themes/smoothness/images/ui-bg_highlight-soft_75_cccccc_1x100.png,lib/python3.8/site-packages/notebook/static/components/jquery-ui/themes/smoothness/images/ui-bg_glass_75_dadada_1x400.png,lib/python3.8/site-packages/notebook/static/components/jquery-ui/themes/smoothness/images/ui-bg_glass_75_e6e6e6_1x400.png,lib/python3.8/site-packages/notebook/static/components/jquery-ui/themes/smoothness/images/ui-bg_glass_65_ffffff_1x400.png,lib/python3.8/site-packages/notebook/static/components/jquery-ui/themes/smoothness/images/ui-bg_glass_55_fbf9ee_1x400.png,lib/python3.8/site-packages/notebook/static/components/jquery-ui/themes/smoothness/images/ui-bg_glass_95_fef1ec_1x400.png,lib/python3.8/site-packages/notebook/static/components/jquery-ui/themes/smoothness/images/ui-icons_cd0a0a_256x240.png,lib/python3.8/site-packages/notebook/static/components/jquery-ui/themes/smoothness/images/ui-icons_888888_256x240.png,lib/python3.8/site-packages/notebook/static/components/jquery-ui/themes/smoothness/images/ui-icons_2e83ff_256x240.png,lib/python3.8/site-packages/notebook/static/components/jquery-ui/themes/smoothness/images/ui-icons_454545_256x240.png
513,lib/python3.8/site-packages/notebook/static/components/jquery-ui/themes/smoothness/images/ui-bg_glass_95_fef1ec_1x400.png,lib/python3.8/site-packages/notebook/static/components/jquery-ui/themes/smoothness/images/ui-bg_glass_55_fbf9ee_1x400.png,lib/python3.8/site-packages/notebook/static/components/jquery-ui/themes/smoothness/images/ui-bg_glass_75_dadada_1x400.png,lib/python3.8/site-packages/notebook/static/components/jquery-ui/themes/smoothness/images/ui-bg_highlight-soft_75_cccccc_1x100.png,lib/python3.8/site-packages/notebook/static/components/jquery-ui/themes/smoothness/images/ui-bg_glass_65_ffffff_1x400.png,lib/python3.8/site-packages/notebook/static/components/jquery-ui/themes/smoothness/images/ui-bg_glass_75_e6e6e6_1x400.png,lib/python3.8/site-packages/notebook/static/components/jquery-ui/themes/smoothness/images/ui-icons_cd0a0a_256x240.png,lib/python3.8/site-packages/notebook/static/components/jquery-ui/themes/smoothness/images/ui-icons_888888_256x240.png,lib/python3.8/site-packages/IPython/core/tests/2x2.png,lib/python3.8/site-packages/IPython/core/tests/2x2.jpg
514,lib/python3.8/site-packages/notebook/static/components/jquery-ui/themes/smoothness/images/ui-bg_highlight-soft_75_cccccc_1x100.png,lib/python3.8/site-packages/notebook/static/components/jquery-ui/themes/smoothness/images/ui-bg_glass_75_dadada_1x400.png,lib/python3.8/site-packages/notebook/static/components/jquery-ui/themes/smoothness/images/ui-bg_glass_75_e6e6e6_1x400.png,lib/python3.8/site-packages/notebook/static/components/jquery-ui/themes/smoothness/images/ui-bg_glass_65_ffffff_1x400.png,lib/python3.8/site-packages/notebook/static/components/jquery-ui/themes/smoothness/images/ui-bg_glass_55_fbf9ee_1x400.png,lib/python3.8/site-packages/notebook/static/components/jquery-ui/themes/smoothness/images/ui-bg_glass_95_fef1ec_1x400.png,lib/python3.8/site-packages/notebook/static/components/jquery-ui/themes/smoothness/images/ui-icons_cd0a0a_256x240.png,lib/python3.8/site-packages/notebook/static/components/jquery-ui/themes/smoothness/images/ui-icons_888888_256x240.png,lib/python3.8/site-packages/notebook/static/components/jquery-ui/themes/smoothness/images/ui-icons_2e83ff_256x240.png,lib/python3.8/site-packages/notebook/static/components/jquery-ui/themes/smoothness/images/ui-icons_454545_256x240.png
515,lib/python3.8/site-packages/notebook/static/components/jquery-ui/themes/smoothness/images/ui-icons_222222_256x240.png,lib/python3.8/site-packages/notebook/static/components/jquery-ui/themes/smoothness/images/ui-icons_454545_256x240.png,lib/python3.8/site-packages/notebook/static/components/jquery-ui/themes/smoothness/images/ui-icons_888888_256x240.png,lib/python3.8/site-packages/IPython/core/tests/2x2.jpg,lib/python3.8/site-packages/IPython/core/tests/2x2.png,lib/python3.8/site-packages/notebook/static/components/jquery-ui/themes/smoothness/images/ui-icons_cd0a0a_256x240.png,lib/python3.8/site-packages/notebook/static/components/jquery-ui/themes/smoothness/images/ui-bg_glass_65_ffffff_1x400.png,lib/python3.8/site-packages/notebook/static/components/jquery-ui/themes/smoothness/images/ui-bg_glass_75_e6e6e6_1x400.png,lib/python3.8/site-packages/notebook/static/components/jquery-ui/themes/smoothness/images/ui-bg_glass_75_dadada_1x400.png,lib/python3.8/site-packages/notebook/static/components/jquery-ui/themes/smoothness/images/ui-bg_highlight-soft_75_cccccc_1x100.png
516,lib/python3.8/site-packages/notebook/static/components/jquery-ui/themes/smoothness/images/ui-icons_2e83ff_256x240.png,lib/python3.8/site-packages/notebook/static/components/jquery-ui/themes/smoothness/images/ui-icons_888888_256x240.png,lib/python3.8/site-packages/IPython/core/tests/2x2.jpg,lib/python3.8/site-packages/IPython/core/tests/2x2.png,lib/python3.8/site-packages/notebook/static/components/jquery-ui/themes/smoothness/images/ui-icons_454545_256x240.png,lib/python3.8/site-packages/notebook/static/components/jquery-ui/themes/smoothness/images/ui-bg_glass_75_dadada_1x400.png,lib/python3.8/site-packages/notebook/static/components/jquery-ui/themes/smoothness/images/ui-bg_glass_65_ffffff_1x400.png,lib/python3.8/site-packages/notebook/static/components/jquery-ui/themes/smoothness/images/ui-bg_highlight-soft_75_cccccc_1x100.png,lib/python3.8/site-packages/notebook/static/components/jquery-ui/themes/smoothness/images/ui-bg_glass_75_e6e6e6_1x400.png,lib/python3.8/site-packages/notebook/static/components/jquery-ui/themes/smoothness/images/ui-icons_cd0a0a_256x240.png
517,lib/python3.8/site-packages/notebook/static/components/jquery-ui/themes/smoothness/images/ui-icons_454545_256x240.png,lib/python3.8/site-packages/notebook/static/components/jquery-ui/themes/smoothness/images/ui-icons_222222_256x240.png,lib/python3.8/site-packages/notebook/static/components/jquery-ui/themes/smoothness/images/ui-icons_888888_256x240.png,lib/python3.8/site-packages/IPython/core/tests/2x2.jpg,lib/python3.8/site-packages/IPython/core/tests/2x2.png,lib/python3.8/site-packages/notebook/static/components/jquery-ui/themes/smoothness/images/ui-icons_2e83ff_256x240.png,lib/python3.8/site-packages/notebook/static/components/jquery-ui/themes/smoothness/images/ui-bg_glass_55_fbf9ee_1x400.png,lib/python3.8/site-packages/notebook/static/components/jquery-ui/themes/smoothness/images/ui-bg_glass_75_dadada_1x400.png,lib/python3.8/site-packages/notebook/static/components/jquery-ui/themes/smoothness/images/ui-bg_glass_65_ffffff_1x400.png,lib/python3.8/site-packages/notebook/static/components/jquery-ui/themes/smoothness/images/ui-bg_glass_75_e6e6e6_1x400.png
518,lib/python3.8/site-packages/notebook/static/components/jquery-ui/themes/smoothness/images/ui-icons_888888_256x240.png,lib/python3.8/site-packages/IPython/core/tests/2x2.png,lib/python3.8/site-packages/IPython/core/tests/2x2.jpg,lib/python3.8/site-packages/notebook/static/components/jquery-ui/themes/smoothness/images/ui-icons_454545_256x240.png,lib/python3.8/site-packages/notebook/static/components/jquery-ui/themes/smoothness/images/ui-icons_222222_256x240.png,lib/python3.8/site-packages/notebook/static/components/jquery-ui/themes/smoothness/images/ui-icons_2e83ff_256x240.png,lib/python3.8/site-packages/notebook/static/components/jquery-ui/themes/smoothness/images/ui-bg_glass_55_fbf9ee_1x400.png,lib/python3.8/site-packages/notebook/static/components/jquery-ui/themes/smoothness/images/ui-bg_glass_75_dadada_1x400.png,lib/python3.8/site-packages/notebook/static/components/jquery-ui/themes/smoothness/images/ui-bg_glass_65_ffffff_1x400.png,lib/python3.8/site-packages/notebook/static/components/jquery-ui/themes/smoothness/images/ui-bg_highlight-soft_75_cccccc_1x100.png
519,lib/python3.8/site-packages/notebook/static/components/jquery-ui/themes/smoothness/images/ui-icons_cd0a0a_256x240.png,lib/python3.8/site-packages/notebook/static/components/jquery-ui/themes/smoothness/images/ui-bg_glass_55_fbf9ee_1x400.png,lib/python3.8/site-packages/notebook/static/components/jquery-ui/themes/smoothness/images/ui-bg_glass_75_dadada_1x400.png,lib/python3.8/site-packages/notebook/static/components/jquery-ui/themes/smoothness/images/ui-bg_highlight-soft_75_cccccc_1x100.png,lib/python3.8/site-packages/notebook/static/components/jquery-ui/themes/smoothness/images/ui-bg_glass_65_ffffff_1x400.png,lib/python3.8/site-packages/notebook/static/components/jquery-ui/themes/smoothness/images/ui-bg_glass_75_e6e6e6_1x400.png,lib/python3.8/site-packages/notebook/static/components/jquery-ui/themes/smoothness/images/ui-icons_454545_256x240.png,lib/python3.8/site-packages/notebook/static/components/jquery-ui/themes/smoothness/images/ui-icons_2e83ff_256x240.png,lib/python3.8/site-packages/notebook/static/components/jquery-ui/themes/smoothness/images/ui-bg_glass_95_fef1ec_1x400.png,lib/python3.8/site-packages/notebook/static/components/jquery-ui/themes/smoothness/images/ui-icons_222222_256x240.png
520,share/jupyter/kernels/python3/logo-32x32.png,lib/python3.8/site-packages/ipykernel/resources/logo-32x32.png,lib/python3.8/site-packages/ipykernel/resources/logo-64x64.png,share/jupyter/kernels/python3/logo-64x64.png,lib/python3.8/site-packages/ipywidgets/widgets/tests/data/jupyter-logo-transparent.png,lib/python3.8/site-packages/notebook/static/base/images/logo.png,lib/python3.8/site-packages/notebook/static/components/jquery-ui/themes/smoothness/images/ui-icons_cd0a0a_256x240.png,lib/python3.8/site-packages/notebook/static/components/jquery-ui/themes/smoothness/images/ui-icons_222222_256x240.png,lib/python3.8/site-packages/nbconvert/tests/files/testimage.png,lib/python3.8/site-packages/nbclient/tests/files/python.png
521,lib/python3.8/site-packages/ipykernel/resources/logo-64x64.png,share/jupyter/kernels/python3/logo-64x64.png,lib/python3.8/site-packages/ipykernel/resources/logo-32x32.png,share/jupyter/kernels/python3/logo-32x32.png,lib/python3.8/site-packages/ipywidgets/widgets/tests/data/jupyter-logo-transparent.png,lib/python3.8/site-packages/nbclient/tests/files/python.png,lib/python3.8/site-packages/notebook/static/base/images/logo.png,lib/python3.8/site-packages/nbconvert/tests/files/testimage.png,133.jpg,42.jpg
